"acc","accuracy","average_response_time","avg_rt","background","bidi","canvas_backend","compensation","control","coordinates","correct","correct_answer","correct_button_mousetrap_response","correct_end_of_practice","correct_instructions","correct_mousetrap_response","count_block_loop","count_block_sequence","count_end_of_practice","count_experiment","count_experimental_loop","count_feedback","count_instructions","count_logger","count_mousetrap_response","count_new_sketchpad_2","count_reset_feedback","count_stimulus","count_stimulus_2","count_stimulus_3","count_trial_sequence","datetime","description","disable_garbage_collection","experiment_file","experiment_path","font_bold","font_family","font_italic","font_size","font_underline","foreground","form_clicks","fullscreen","height","initiation_time","initiation_time_mousetrap_response","left_option","live_row","live_row_block_loop","live_row_experimental_loop","logfile","opensesame_codename","opensesame_version","practice","prime_congruency","profession","repeat_cycle","response","response_end_of_practice","response_feedback","response_instructions","response_mousetrap_response","response_stimulus_2","response_time","response_time_end_of_practice","response_time_feedback","response_time_instructions","response_time_mousetrap_response","response_time_stimulus_2","right_option","round_decimals","sound_buf_size","sound_channels","sound_freq","sound_sample_size","start","subject_nr","subject_parity","time_block_loop","time_block_sequence","time_end_of_practice","time_experiment","time_experimental_loop","time_feedback","time_instructions","time_logger","time_mousetrap_response","time_new_sketchpad_2","time_reset_feedback","time_stimulus","time_stimulus_2","time_stimulus_3","time_trial_sequence","timestamps_mousetrap_response","title","total_correct","total_response_time","total_responses","uniform_coordinates","width","xpos_mousetrap_response","ypos_mousetrap_response"
"100","100","930.8861999306828","930.8861999306828","black","yes","psycho","0","1","uniform","1","left_option","left_option","undefined","undefined","1","0","0","0","0","0","NA","0","0","0","0","0","NA","NA","0","0","Wed Apr 14 14:48:05 2021","A template containing a practice and an experimental phase","yes","genderbias-CecilieLaerkeManon.osexp","C:\Users\Jespe\Downloads\New folder\Gender-Bias-Mousetracking-Experiment","no","mono","no","18","no","white","no","yes","768","0","0","2_n_p_m_stim.jpg","0","0","0","C:/Users/Jespe/Downloads/New folder/Gender-Bias-Mousetracking-Experiment/subject-10.csv","Lentiform Loewenfeld","3.3.8","no","incongruent","nurse","0","left_option","space","NA","space","left_option","NA","930.8861999306828","424.8570998897776","NA","1135.6827999697998","930.8861999306828","NA","2_n_c_m_stim.jpg","2","1024","2","48000","-16","experiment","10","even","7455.426700063981","7455.330200027674","7028.079300071113","5876.084299990907","7454.519600025378","NA","5886.685700039379","8957.467300002463","8019.571100012399","7508.795500034466","NA","NA","NA","8019.324299995787","7504.98470000457","[8024.4677000446245, 8034.843700006604, 8045.147099997848, 8055.4096000269055, 8065.6667000148445, 8075.921799987555, 8086.186000029556, 8096.428000018932, 8106.717700022273, 8117.214999976568, 8127.467400045134, 8137.705700006336, 8147.967500030063, 8158.574200002477, 8168.927000020631, 8179.324600030668, 8189.613300026394, 8199.893100070767, 8210.221700021066, 8220.491399988532, 8230.773100047372, 8241.022799978964, 8251.499500009231, 8261.883900035173, 8272.1360999858, 8282.722000032663, 8293.497300008312, 8303.780399961397, 8314.034500042908, 8324.265900067985, 8334.52130004298, 8344.78340006899, 8355.040100053884, 8365.309700020589, 8375.589100061916, 8385.898499982432, 8396.276400075294, 8406.5539999865, 8416.90000006929, 8427.165900007822, 8437.769500073045, 8448.071300052106, 8458.368899999186, 8468.736300012097, 8479.520600056276, 8490.003100014292, 8500.274599995464, 8510.513399960473, 8520.75030002743, 8531.004499993287, 8541.4384000469, 8551.902699982747, 8562.27650004439, 8572.517100023106, 8582.801799988374, 8593.40210002847, 8604.347400018014, 8614.603900001384, 8624.848400009796, 8635.12420002371, 8645.458600018173, 8655.823300010525, 8666.13020002842, 8676.428299979307, 8686.755800037645, 8697.082599974237, 8707.492299959995, 8718.092800001614, 8728.503999998793, 8738.874300033785, 8749.253900023177, 8759.954700013623, 8770.205000066198, 8780.522300046869, 8791.104200063273, 8801.713300053962, 8813.324899994768, 8823.884700075723, 8834.14549997542, 8844.460000051185, 8854.783199960366, 8865.048600011505, 8875.503199989907, 8886.382300057448, 8896.639100043103, 8907.626200001687, 8917.986200074665, 8928.22820006404, 8938.590300036594, 8949.035300058313, 8955.353899975307]","Extended template","1","930.8861999306828","1","yes","1024","[0, -0.5, -0.5, -0.5, -0.5, -0.5, -0.5, -0.5, -0.5, -0.5, -0.5, -0.5, -0.5, -0.5, -0.5, -0.5, -0.5, -0.5, -0.5, -0.5, -0.5, -0.5, -0.5, -0.5, -0.5, -0.5, -0.5, -0.5, -0.5, -0.5, -0.5, -0.5, -0.5, -0.5, -0.5, -0.5, -0.5, -70.5, -83.5, -89.5, -108.5, -121.5, -127.5, -129.5, -130.5, -125.5, -120.5, -118.5, -112.5, -99.5, -92.5, -83.5, -68.5, -51.5, -25.5, -9.5, 31.5, 43.5, 48.5, 53.5, 53.5, 54.5, 50.5, 21.5, -16.5, -59.5, -91.5, -117.5, -128.5, -135.5, -138.5, -143.5, -145.5, -154.5, -162.5, -175.5, -186.5, -197.5, -208.5, -220.5, -230.5, -249.5, -265.5, -279.5, -286.5, -293.5, -310.5, -315.5, -318.5, -318.5, -318.5]","[700, 699.5, 699.5, 699.5, 699.5, 699.5, 699.5, 699.5, 699.5, 699.5, 699.5, 699.5, 699.5, 699.5, 699.5, 699.5, 699.5, 699.5, 699.5, 699.5, 699.5, 699.5, 699.5, 699.5, 699.5, 699.5, 699.5, 699.5, 699.5, 699.5, 699.5, 699.5, 699.5, 699.5, 699.5, 699.5, 699.5, 386.5, 326.5, 284.5, 205.5, 173.5, 135.5, 102.5, 69.5, 38.5, 23.5, 8.5, -3.5, -20.5, -27.5, -39.5, -48.5, -56.5, -66.5, -73.5, -97.5, -105.5, -121.5, -137.5, -152.5, -172.5, -194.5, -213.5, -225.5, -246.5, -260.5, -274.5, -282.5, -287.5, -290.5, -292.5, -293.5, -290.5, -286.5, -282.5, -274.5, -270.5, -263.5, -259.5, -255.5, -248.5, -238.5, -234.5, -230.5, -230.5, -229.5, -229.5, -229.5, -229.5, -229.5]"
"100","100","1015.3215499594808","1015.3215499594808","black","yes","psycho","0","1","uniform","1","right_option","right_option","undefined","undefined","1","0","0","0","0","0","NA","0","1","1","1","0","NA","NA","1","1","Wed Apr 14 14:48:05 2021","A template containing a practice and an experimental phase","yes","genderbias-CecilieLaerkeManon.osexp","C:\Users\Jespe\Downloads\New folder\Gender-Bias-Mousetracking-Experiment","no","mono","no","18","no","white","no","yes","768","0","0","1_m_c_m_stim.jpg","1","1","0","C:/Users/Jespe/Downloads/New folder/Gender-Bias-Mousetracking-Experiment/subject-10.csv","Lentiform Loewenfeld","3.3.8","no","congruent","mechanic","0","right_option","space","NA","space","right_option","NA","1099.7568999882787","424.8570998897776","NA","1135.6827999697998","1099.7568999882787","NA","1_m_p_m_stim.jpg","2","1024","2","48000","-16","experiment","10","even","7455.426700063981","7455.330200027674","7028.079300071113","5876.084299990907","7454.519600025378","NA","5886.685700039379","10678.119500051253","9574.838100001216","9054.110100027174","NA","NA","NA","9574.673900031485","9048.921799985692","[9575.712900026701, 9586.41260000877, 9596.677600056864, 9606.93790006917, 9617.209000047296, 9627.506599994376, 9637.772700050846, 9648.112699971534, 9658.48049998749, 9668.87300007511, 9679.247900028713, 9689.549300004728, 9699.805599986576, 9710.176600026898, 9720.475899986923, 9730.732399970293, 9741.087400005199, 9751.392300007865, 9761.649199994281, 9771.940600010566, 9782.699399976991, 9793.14309998881, 9803.501700051129, 9813.764999969862, 9824.096800060943, 9834.595500025898, 9844.861799967475, 9855.101500055753, 9865.387800033204, 9875.745799974538, 9886.056400020607, 9896.347300033085, 9906.6407000646, 9916.917799971998, 9927.213000017218, 9937.522300053388, 9947.897400008515, 9958.226299961098, 9968.505199998617, 9979.231100063771, 9989.653900032863, 9999.948700075038, 10010.267000063322, 10020.731900003739, 10031.229699961841, 10041.726100025699, 10052.14230006095, 10063.21170006413, 10073.595799971372, 10083.883499959484, 10094.170200056396, 10104.423900018446, 10114.657500060275, 10124.895200016908, 10135.244900011458, 10146.16180001758, 10156.419900013134, 10166.67090007104, 10176.932299975306, 10187.271900009364, 10198.260399978608, 10208.519999985583, 10219.174099969678, 10229.83840003144, 10240.108700003475, 10250.497300061397, 10260.795900016092, 10271.045400062576, 10281.2839000253, 10292.359400074929, 10302.80770000536, 10313.068800023757, 10323.512600036338, 10333.814100013115, 10344.103600014932, 10354.374999995343, 10364.614699967206, 10374.8867000686, 10385.258099995553, 10395.550700020976, 10405.921300058253, 10416.317200055346, 10426.603400032036, 10436.909900046885, 10447.248800075613, 10457.550600054674, 10468.006700044498, 10478.410999989137, 10488.68740000762, 10498.949100030586, 10509.20510001015, 10519.470800063573, 10529.81480001472, 10540.179700008593, 10550.572799984366, 10560.913800029084, 10571.221700054593, 10581.501099979505, 10591.852499986999, 10602.210700046271, 10612.702999962494, 10623.01690003369, 10633.36320000235, 10643.651699996553, 10653.986599994823, 10664.27529999055, 10674.554100027308, 10675.46980001498]","Extended template","2","2030.6430999189615","2","yes","1024","[0, -0.5, -0.5, -0.5, -0.5, -0.5, -0.5, -0.5, -0.5, -0.5, -0.5, -0.5, -0.5, -0.5, -0.5, -0.5, -0.5, -0.5, -0.5, -0.5, -0.5, -0.5, -0.5, -0.5, -0.5, -0.5, -0.5, -0.5, -0.5, -0.5, -0.5, -0.5, -0.5, -0.5, -0.5, -0.5, -0.5, -0.5, -0.5, -0.5, -0.5, -0.5, -0.5, -0.5, -0.5, -0.5, -0.5, -0.5, -0.5, -0.5, -0.5, -4.5, 15.5, 32.5, 52.5, 104.5, 130.5, 160.5, 174.5, 197.5, 222.5, 238.5, 258.5, 279.5, 291.5, 303.5, 312.5, 325.5, 330.5, 330.5, 332.5, 332.5, 332.5, 332.5, 332.5, 332.5, 332.5, 332.5, 332.5, 332.5, 332.5, 332.5, 332.5, 332.5, 332.5, 332.5, 332.5, 332.5, 332.5, 332.5, 332.5, 332.5, 332.5, 332.5, 332.5, 332.5, 332.5, 332.5, 332.5, 332.5, 332.5, 332.5, 332.5, 332.5, 332.5, 332.5, 332.5, 332.5]","[700, 699.5, 699.5, 699.5, 699.5, 699.5, 699.5, 699.5, 699.5, 699.5, 699.5, 699.5, 699.5, 699.5, 699.5, 699.5, 699.5, 699.5, 699.5, 699.5, 699.5, 699.5, 699.5, 699.5, 699.5, 699.5, 699.5, 699.5, 699.5, 699.5, 699.5, 699.5, 699.5, 699.5, 699.5, 699.5, 699.5, 699.5, 699.5, 699.5, 699.5, 699.5, 699.5, 699.5, 699.5, 699.5, 699.5, 699.5, 699.5, 699.5, 699.5, 396.5, 349.5, 299.5, 237.5, 158.5, 100.5, 41.5, 3.5, -49.5, -95.5, -130.5, -173.5, -216.5, -238.5, -251.5, -276.5, -292.5, -304.5, -314.5, -317.5, -317.5, -317.5, -317.5, -317.5, -317.5, -317.5, -317.5, -317.5, -317.5, -317.5, -317.5, -317.5, -317.5, -317.5, -317.5, -317.5, -317.5, -317.5, -317.5, -317.5, -317.5, -317.5, -317.5, -317.5, -317.5, -317.5, -317.5, -317.5, -317.5, -317.5, -317.5, -317.5, -317.5, -317.5, -317.5, -317.5, -317.5]"
"100","100","960.9494666413715","960.9494666413715","black","yes","psycho","0","0","uniform","1","right_option","right_option","undefined","undefined","1","0","0","0","0","0","NA","0","2","2","2","0","NA","NA","2","2","Wed Apr 14 14:48:05 2021","A template containing a practice and an experimental phase","yes","genderbias-CecilieLaerkeManon.osexp","C:\Users\Jespe\Downloads\New folder\Gender-Bias-Mousetracking-Experiment","no","mono","no","18","no","white","no","yes","768","0","0","2_d_c_m_stim.jpg","2","2","0","C:/Users/Jespe/Downloads/New folder/Gender-Bias-Mousetracking-Experiment/subject-10.csv","Lentiform Loewenfeld","3.3.8","no","incongruent","doctor","0","right_option","space","NA","space","right_option","NA","852.2053000051528","424.8570998897776","NA","1135.6827999697998","852.2053000051528","NA","2_d_p_f_stim.jpg","2","1024","2","48000","-16","experiment","10","even","7455.426700063981","7455.330200027674","7028.079300071113","5876.084299990907","7454.519600025378","NA","5886.685700039379","12140.743299969472","11284.442099975422","10767.34729995951","NA","NA","NA","11284.204800031148","10763.191899983212","[11285.686300019734, 11296.383199980482, 11306.65579997003, 11316.934100002982, 11327.187799965031, 11337.486800039187, 11347.738899989054, 11357.983099995181, 11368.381000007503, 11378.690500045195, 11388.952700071968, 11399.221600033343, 11409.50279997196, 11419.971100054681, 11430.240700021386, 11440.499200019985, 11450.788400019519, 11461.2674000673, 11471.566800028086, 11481.920600053854, 11492.380000068806, 11502.683900063857, 11512.919300002977, 11523.175399983302, 11533.529800013639, 11543.87960000895, 11554.173000040464, 11564.573500072584, 11574.89429996349, 11585.203499998897, 11595.70090007037, 11606.020500068553, 11616.289400029927, 11626.56370003242, 11636.832599993795, 11647.269100067206, 11658.026700024493, 11668.391000013798, 11678.666900028475, 11688.942500040866, 11699.333500000648, 11709.73420003429, 11720.03940003924, 11730.296600027941, 11741.04560003616, 11751.704000052996, 11762.22819997929, 11772.798200021498, 11783.214600058272, 11794.359600055031, 11804.641800001264, 11814.886500011198, 11825.180100044236, 11835.467500030063, 11845.840099966154, 11856.174100073986, 11866.46439996548, 11876.745000015944, 11887.007900048047, 11897.263500024565, 11907.852299977094, 11918.779700063169, 11929.12200000137, 11939.449900062755, 11950.121100060642, 11960.435700020753, 11970.710700028576, 11981.051200069487, 11991.388299968094, 12001.740299980156, 12012.036900036037, 12022.307000006549, 12032.645100029185, 12044.40410004463, 12054.69030002132, 12064.938000054099, 12075.243900064379, 12085.966399987228, 12096.263200044632, 12106.530099990778, 12116.809300030582, 12127.17240001075, 12137.593599967659, 12137.891600024886]","Extended template","3","2882.8483999241143","3","yes","1024","[0, -0.5, -0.5, -0.5, -0.5, -0.5, -0.5, -0.5, -0.5, -0.5, -0.5, -0.5, -0.5, -0.5, -0.5, -0.5, -0.5, -0.5, -0.5, -0.5, -0.5, -0.5, -0.5, -0.5, -0.5, -0.5, -0.5, -0.5, -0.5, -0.5, -0.5, -0.5, -0.5, -0.5, -0.5, -0.5, -0.5, -0.5, -0.5, -0.5, -0.5, -0.5, -0.5, -0.5, -0.5, 57.5, 64.5, 92.5, 116.5, 171.5, 220.5, 248.5, 261.5, 302.5, 321.5, 332.5, 345.5, 351.5, 355.5, 361.5, 365.5, 365.5, 365.5, 365.5, 365.5, 365.5, 368.5, 367.5, 365.5, 365.5, 367.5, 366.5, 365.5, 364.5, 362.5, 360.5, 361.5, 359.5, 357.5, 357.5, 360.5, 360.5, 360.5, 361.5]","[700, 699.5, 699.5, 699.5, 699.5, 699.5, 699.5, 699.5, 699.5, 699.5, 699.5, 699.5, 699.5, 699.5, 699.5, 699.5, 699.5, 699.5, 699.5, 699.5, 699.5, 699.5, 699.5, 699.5, 699.5, 699.5, 699.5, 699.5, 699.5, 699.5, 699.5, 699.5, 699.5, 699.5, 699.5, 699.5, 699.5, 699.5, 699.5, 699.5, 699.5, 699.5, 699.5, 699.5, 699.5, 403.5, 356.5, 313.5, 267.5, 223.5, 180.5, 157.5, 126.5, 83.5, 52.5, 33.5, 20.5, -6.5, -18.5, -22.5, -29.5, -32.5, -37.5, -41.5, -46.5, -56.5, -65.5, -73.5, -83.5, -97.5, -106.5, -117.5, -128.5, -144.5, -158.5, -173.5, -198.5, -218.5, -238.5, -246.5, -255.5, -258.5, -258.5, -258.5]"
"75","75","913.8103500008583","913.8103500008583","black","yes","psycho","0","0","uniform","0","left_option","left_option","undefined","undefined","0","0","0","0","0","0","NA","0","3","3","3","0","NA","NA","3","3","Wed Apr 14 14:48:05 2021","A template containing a practice and an experimental phase","yes","genderbias-CecilieLaerkeManon.osexp","C:\Users\Jespe\Downloads\New folder\Gender-Bias-Mousetracking-Experiment","no","mono","no","18","no","white","no","yes","768","0","0","4_n_c_m_stim.jpg","3","3","0","C:/Users/Jespe/Downloads/New folder/Gender-Bias-Mousetracking-Experiment/subject-10.csv","Lentiform Loewenfeld","3.3.8","no","congruent","nurse","0","right_option","space","NA","space","right_option","NA","772.3930000793189","424.8570998897776","NA","1135.6827999697998","772.3930000793189","NA","4_n_p_f_stim.jpg","2","1024","2","48000","-16","experiment","10","even","7455.426700063981","7455.330200027674","7028.079300071113","5876.084299990907","7454.519600025378","NA","5886.685700039379","13518.249599961564","12741.614900063723","12234.5481000375","NA","NA","NA","12741.343799978495","12230.74390005786","[12742.949399980716, 12753.392299986444, 12763.681399985217, 12773.941999999806, 12784.255600068718, 12794.640599982813, 12804.939800058492, 12815.200999961235, 12825.51070000045, 12835.932000074536, 12846.184300025925, 12856.436699978076, 12866.704900050536, 12877.02829996124, 12887.331000063568, 12897.568900021724, 12907.920800033025, 12918.229300063103, 12928.497300017625, 12939.104299992323, 12949.405599967577, 12959.661500062793, 12969.98509997502, 12980.285900062881, 12990.53820001427, 13000.98320003599, 13011.370199965313, 13021.669100038707, 13031.939800013788, 13042.19369997736, 13052.61390004307, 13063.057400053367, 13073.285600054078, 13083.917299984023, 13094.25890003331, 13104.49840000365, 13115.151899983175, 13125.976499984972, 13136.248199967667, 13146.577300038189, 13156.888099969365, 13167.374600074254, 13177.757299970835, 13188.179700053297, 13198.531400063075, 13208.797700004652, 13219.103700015694, 13229.47700007353, 13239.756399998441, 13250.016600009985, 13260.265100048855, 13270.507000037469, 13281.106800073758, 13291.835300042294, 13302.183300023898, 13312.756599974819, 13323.080300004221, 13333.352299989201, 13344.085999997333, 13354.409400024451, 13364.652500022203, 13374.903599964455, 13385.184700018726, 13396.144300000742, 13406.378400046378, 13416.68370005209, 13427.008399972692, 13437.294500065036, 13447.61340005789, 13457.913900027052, 13468.183299992234, 13478.431300027296, 13488.811400020495, 13499.133500037715, 13509.497500024736, 13515.342400060035]","Extended template","3","3655.2414000034332","4","yes","1024","[0, -0.5, -0.5, -0.5, -0.5, -0.5, -0.5, -0.5, -0.5, -0.5, -0.5, -0.5, -0.5, -0.5, -0.5, -0.5, -0.5, -0.5, -0.5, -0.5, -0.5, -0.5, -0.5, -0.5, -0.5, -0.5, -0.5, -0.5, -0.5, -0.5, -0.5, -0.5, -0.5, -0.5, -0.5, -0.5, -0.5, -0.5, -0.5, -0.5, -0.5, -0.5, -0.5, -0.5, -0.5, -0.5, -0.5, -0.5, -0.5, 117.5, 151.5, 191.5, 226.5, 273.5, 285.5, 293.5, 327.5, 358.5, 383.5, 396.5, 405.5, 410.5, 411.5, 413.5, 414.5, 414.5, 414.5, 414.5, 414.5, 414.5, 414.5, 414.5, 414.5, 414.5, 414.5, 414.5]","[700, 699.5, 699.5, 699.5, 699.5, 699.5, 699.5, 699.5, 699.5, 699.5, 699.5, 699.5, 699.5, 699.5, 699.5, 699.5, 699.5, 699.5, 699.5, 699.5, 699.5, 699.5, 699.5, 699.5, 699.5, 699.5, 699.5, 699.5, 699.5, 699.5, 699.5, 699.5, 699.5, 699.5, 699.5, 699.5, 699.5, 699.5, 699.5, 699.5, 699.5, 699.5, 699.5, 699.5, 699.5, 699.5, 699.5, 699.5, 699.5, 367.5, 317.5, 254.5, 210.5, 140.5, 75.5, 48.5, 0.5, -50.5, -101.5, -151.5, -184.5, -208.5, -230.5, -254.5, -259.5, -267.5, -271.5, -271.5, -271.5, -271.5, -271.5, -271.5, -271.5, -271.5, -271.5, -271.5]"
"80","80","896.0246599977836","896.0246599977836","black","yes","psycho","0","1","uniform","1","left_option","left_option","undefined","undefined","1","0","0","0","0","0","NA","0","4","4","4","0","NA","NA","4","4","Wed Apr 14 14:48:05 2021","A template containing a practice and an experimental phase","yes","genderbias-CecilieLaerkeManon.osexp","C:\Users\Jespe\Downloads\New folder\Gender-Bias-Mousetracking-Experiment","no","mono","no","18","no","white","no","yes","768","0","0","9_d_p_f_stim.jpg","4","4","0","C:/Users/Jespe/Downloads/New folder/Gender-Bias-Mousetracking-Experiment/subject-10.csv","Lentiform Loewenfeld","3.3.8","no","incongruent","doctor","0","left_option","space","NA","space","left_option","NA","824.8818999854848","424.8570998897776","NA","1135.6827999697998","824.8818999854848","NA","9_d_c_f_stim.jpg","2","1024","2","48000","-16","experiment","10","even","7455.426700063981","7455.330200027674","7028.079300071113","5876.084299990907","7454.519600025378","NA","5886.685700039379","14953.72099999804","14125.806499971077","13613.802600069903","NA","NA","NA","14125.664900057018","13609.779100050218","[14126.666399999522, 14137.038200045936, 14147.435800055973, 14157.819999963976, 14168.177900020964, 14178.862000000663, 14189.2001000233, 14199.547199998051, 14209.807400009595, 14220.150000066496, 14230.485400068574, 14240.726900054142, 14251.413500052877, 14262.090499978513, 14272.445900016464, 14283.392200013623, 14293.7276000157, 14303.966999985278, 14314.251000061631, 14324.57960001193, 14334.918500040658, 14345.221200026572, 14355.546800070442, 14365.775600075722, 14376.049000071362, 14386.377700022422, 14396.791100036353, 14407.04249998089, 14417.369600036182, 14427.710199961439, 14437.965300050564, 14448.430099990219, 14458.992999978364, 14469.400600064546, 14479.834600002505, 14490.141400019638, 14500.46230002772, 14510.835099965334, 14521.100400015712, 14531.38709999621, 14541.689899982885, 14552.051100065, 14562.654000008479, 14572.910299990326, 14583.180000074208, 14593.657499994151, 14604.230800061487, 14614.703400060534, 14625.223500072025, 14635.951100033708, 14646.210400038399, 14656.48250002414, 14666.736399987713, 14676.985200028867, 14687.34379997477, 14697.807800024748, 14708.12109997496, 14718.456999980845, 14728.821699973196, 14739.107400062494, 14749.607400037348, 14759.961100062355, 14770.268799969926, 14780.536800040863, 14790.80509999767, 14801.070500048809, 14811.494500027038, 14821.838699979708, 14832.109700073488, 14842.40950003732, 14852.74170001503, 14863.244600011967, 14873.612800030969, 14883.993300027214, 14894.348500063643, 14904.649800038897, 14914.94559997227, 14925.313099985942, 14935.646899975836, 14945.959100034088, 14951.548299985006]","Extended template","4","4480.123299988918","5","yes","1024","[0, -0.5, -0.5, -0.5, -0.5, -0.5, -0.5, -0.5, -0.5, -0.5, -0.5, -0.5, -0.5, -0.5, -0.5, -0.5, -0.5, -0.5, -0.5, -0.5, -0.5, -0.5, -0.5, -0.5, -0.5, -0.5, -0.5, -0.5, -0.5, -0.5, -0.5, -0.5, -0.5, -0.5, -0.5, -0.5, -0.5, -0.5, -0.5, -0.5, -0.5, -0.5, -0.5, -0.5, -0.5, -0.5, -0.5, -0.5, 13.5, 12.5, 17.5, 19.5, 10.5, 2.5, -4.5, -42.5, -61.5, -81.5, -115.5, -133.5, -161.5, -186.5, -209.5, -236.5, -244.5, -256.5, -273.5, -292.5, -305.5, -327.5, -336.5, -346.5, -358.5, -361.5, -362.5, -364.5, -364.5, -364.5, -364.5, -364.5, -364.5]","[700, 699.5, 699.5, 699.5, 699.5, 699.5, 699.5, 699.5, 699.5, 699.5, 699.5, 699.5, 699.5, 699.5, 699.5, 699.5, 699.5, 699.5, 699.5, 699.5, 699.5, 699.5, 699.5, 699.5, 699.5, 699.5, 699.5, 699.5, 699.5, 699.5, 699.5, 699.5, 699.5, 699.5, 699.5, 699.5, 699.5, 699.5, 699.5, 699.5, 699.5, 699.5, 699.5, 699.5, 699.5, 699.5, 699.5, 699.5, 400.5, 358.5, 322.5, 284.5, 237.5, 198.5, 167.5, 107.5, 69.5, 38.5, -11.5, -39.5, -75.5, -105.5, -128.5, -151.5, -167.5, -186.5, -206.5, -230.5, -260.5, -273.5, -280.5, -298.5, -304.5, -309.5, -316.5, -319.5, -321.5, -321.5, -321.5, -321.5, -321.5]"
"83.33333333333333","83.33333333333333","877.1530999996079","877.1530999996079","black","yes","psycho","0","0","uniform","1","right_option","right_option","undefined","undefined","1","0","0","0","0","0","NA","0","5","5","5","0","NA","NA","5","5","Wed Apr 14 14:48:05 2021","A template containing a practice and an experimental phase","yes","genderbias-CecilieLaerkeManon.osexp","C:\Users\Jespe\Downloads\New folder\Gender-Bias-Mousetracking-Experiment","no","mono","no","18","no","white","no","yes","768","0","0","5_d_c_m_stim.jpg","5","5","0","C:/Users/Jespe/Downloads/New folder/Gender-Bias-Mousetracking-Experiment/subject-10.csv","Lentiform Loewenfeld","3.3.8","no","incongruent","doctor","0","right_option","space","NA","space","right_option","NA","782.7953000087291","424.8570998897776","NA","1135.6827999697998","782.7953000087291","NA","5_d_p_f_stim.jpg","2","1024","2","48000","-16","experiment","10","even","7455.426700063981","7455.330200027674","7028.079300071113","5876.084299990907","7454.519600025378","NA","5886.685700039379","16343.645700020716","15557.492400053889","15037.481900071725","NA","NA","NA","15557.26140004117","15034.247800009325","[15558.57220001053, 15569.00170003064, 15579.508600058034, 15589.809300028719, 15600.065400009044, 15610.392900067382, 15620.696400059387, 15630.944299977273, 15641.197100048885, 15651.45880007185, 15661.696600029245, 15671.954400022514, 15682.236299966462, 15692.501000012271, 15702.771899988875, 15713.137299986556, 15723.48799998872, 15733.748099999502, 15744.127599988133, 15754.431299981661, 15764.705799985677, 15774.959700065665, 15785.225300001912, 15795.489800046198, 15805.742800002918, 15816.032700007781, 15826.314800069667, 15836.565100005828, 15846.799900056794, 15857.159100007266, 15867.54640005529, 15877.790900063701, 15888.367000035942, 15898.705700063147, 15908.961300039664, 15919.312300044112, 15929.585000034422, 15939.816200057976, 15950.076700071804, 15960.381700075231, 15970.650500035845, 15980.908200028352, 15991.171500063501, 16001.451599993743, 16011.792700039223, 16022.168199997395, 16032.60500007309, 16043.437600019388, 16057.07960005384, 16067.88620003499, 16078.337499988265, 16088.696400052868, 16098.940100055188, 16109.378000022843, 16119.830599986017, 16130.088499980047, 16140.474300016649, 16150.812200037763, 16161.049299989827, 16171.366599970497, 16181.77879997529, 16192.0166000491, 16202.564400038682, 16212.873500073329, 16223.228199989535, 16233.561299974099, 16243.873400031589, 16254.218799993396, 16264.514400041662, 16274.754000012763, 16285.071499994956, 16295.368600054644, 16305.612200056203, 16315.865900018252, 16326.14540006034, 16336.466400069185, 16341.36750001926]","Extended template","5","5262.918599997647","6","yes","1024","[0, -0.5, -0.5, -0.5, -0.5, -0.5, -0.5, -0.5, -0.5, -0.5, -0.5, -0.5, -0.5, -0.5, -0.5, -0.5, -0.5, -0.5, -0.5, -0.5, -0.5, -0.5, -0.5, -0.5, -0.5, -0.5, -0.5, -0.5, -0.5, -0.5, -0.5, -0.5, -0.5, -0.5, -0.5, -0.5, -0.5, -0.5, -0.5, -0.5, -0.5, -0.5, -0.5, -0.5, -0.5, -0.5, -0.5, -0.5, 81.5, 129.5, 157.5, 170.5, 193.5, 233.5, 291.5, 315.5, 354.5, 383.5, 389.5, 381.5, 386.5, 381.5, 382.5, 385.5, 386.5, 387.5, 387.5, 389.5, 389.5, 389.5, 389.5, 389.5, 389.5, 389.5, 389.5, 389.5, 389.5]","[700, 699.5, 699.5, 699.5, 699.5, 699.5, 699.5, 699.5, 699.5, 699.5, 699.5, 699.5, 699.5, 699.5, 699.5, 699.5, 699.5, 699.5, 699.5, 699.5, 699.5, 699.5, 699.5, 699.5, 699.5, 699.5, 699.5, 699.5, 699.5, 699.5, 699.5, 699.5, 699.5, 699.5, 699.5, 699.5, 699.5, 699.5, 699.5, 699.5, 699.5, 699.5, 699.5, 699.5, 699.5, 699.5, 699.5, 699.5, 359.5, 265.5, 226.5, 207.5, 150.5, 85.5, 8.5, -64.5, -102.5, -150.5, -176.5, -199.5, -227.5, -252.5, -263.5, -271.5, -283.5, -290.5, -292.5, -294.5, -294.5, -294.5, -294.5, -294.5, -294.5, -294.5, -294.5, -294.5, -294.5]"
"71.42857142857143","71.42857142857143","886.6058571397194","886.6058571397194","black","yes","psycho","0","0","uniform","0","left_option","left_option","undefined","undefined","0","0","0","0","0","0","NA","0","6","6","6","0","NA","NA","6","6","Wed Apr 14 14:48:05 2021","A template containing a practice and an experimental phase","yes","genderbias-CecilieLaerkeManon.osexp","C:\Users\Jespe\Downloads\New folder\Gender-Bias-Mousetracking-Experiment","no","mono","no","18","no","white","no","yes","768","0","0","6_m_c_f_stim.jpg","6","6","0","C:/Users/Jespe/Downloads/New folder/Gender-Bias-Mousetracking-Experiment/subject-10.csv","Lentiform Loewenfeld","3.3.8","no","congruent","mechanic","0","right_option","space","NA","space","right_option","NA","943.3223999803886","424.8570998897776","NA","1135.6827999697998","943.3223999803886","NA","6_m_p_m_stim.jpg","2","1024","2","48000","-16","experiment","10","even","7455.426700063981","7455.330200027674","7028.079300071113","5876.084299990907","7454.519600025378","NA","5886.685700039379","17891.44010003656","16945.004199980758","16430.653300019912","NA","NA","NA","16944.810700020753","16426.57820007298","[16946.096900035627, 16956.49760006927, 16966.914299991913, 16977.259800070897, 16987.73599998094, 16998.06150002405, 17008.313499973156, 17019.294500001706, 17029.825399979018, 17040.073900017887, 17050.584999960847, 17060.896900016814, 17071.1636999622, 17081.5331999911, 17091.96210000664, 17102.37069998402, 17112.808800069615, 17123.07780003175, 17133.356100064702, 17143.849199987017, 17154.19190004468, 17164.68370007351, 17175.03579996992, 17185.402399976738, 17196.127800038084, 17206.446500029415, 17216.82570001576, 17227.153899963014, 17237.38880001474, 17247.690799995326, 17257.94969999697, 17268.2194999652, 17278.566600056365, 17288.871100055985, 17299.141800031066, 17309.49919996783, 17319.812200032175, 17330.191900022328, 17340.629199985415, 17350.90510000009, 17361.181700020097, 17371.464299969375, 17381.732400041074, 17392.059599980712, 17403.240900021046, 17413.875599973835, 17424.28200005088, 17434.735400020145, 17445.128199993633, 17455.538399983197, 17465.864700032398, 17476.156200049445, 17486.52330006007, 17496.841700049117, 17507.269000052474, 17518.156800069846, 17528.42009998858, 17538.72020007111, 17549.460500013083, 17560.01690006815, 17570.359400007874, 17580.780199961737, 17591.11799998209, 17601.578400004655, 17611.85980006121, 17622.19530006405, 17632.505499990657, 17642.984800040722, 17653.445500065573, 17663.929700036533, 17674.1980999941, 17684.52220002655, 17694.92350006476, 17705.23790002335, 17715.84239997901, 17726.097500068136, 17736.32979998365, 17746.564600034617, 17756.812200066634, 17767.054100055248, 17777.313800062984, 17788.30660006497, 17798.67569997441, 17808.985200012103, 17819.358200067654, 17829.94880003389, 17840.196800068952, 17850.594399962574, 17860.92240002472, 17871.19029997848, 17881.743200006895, 17889.419300016016]","Extended template","5","6206.240999978036","7","yes","1024","[0, -0.5, -0.5, -0.5, -0.5, -0.5, -0.5, -0.5, -0.5, -0.5, -0.5, -0.5, -0.5, -0.5, -0.5, -0.5, -0.5, -0.5, -0.5, -0.5, -0.5, -0.5, -0.5, -0.5, -0.5, -0.5, -0.5, -0.5, -0.5, -0.5, -0.5, -0.5, -0.5, -0.5, -0.5, -0.5, -0.5, -0.5, -0.5, -0.5, -0.5, -0.5, -0.5, -0.5, -0.5, -0.5, -0.5, -0.5, -0.5, -0.5, -0.5, -0.5, -0.5, -0.5, -0.5, 111.5, 126.5, 150.5, 163.5, 189.5, 191.5, 203.5, 225.5, 232.5, 234.5, 241.5, 247.5, 253.5, 252.5, 253.5, 259.5, 261.5, 264.5, 268.5, 277.5, 284.5, 290.5, 297.5, 298.5, 304.5, 303.5, 311.5, 315.5, 315.5, 319.5, 327.5, 324.5, 324.5, 334.5, 343.5, 345.5, 346.5]","[700, 699.5, 699.5, 699.5, 699.5, 699.5, 699.5, 699.5, 699.5, 699.5, 699.5, 699.5, 699.5, 699.5, 699.5, 699.5, 699.5, 699.5, 699.5, 699.5, 699.5, 699.5, 699.5, 699.5, 699.5, 699.5, 699.5, 699.5, 699.5, 699.5, 699.5, 699.5, 699.5, 699.5, 699.5, 699.5, 699.5, 699.5, 699.5, 699.5, 699.5, 699.5, 699.5, 699.5, 699.5, 699.5, 699.5, 699.5, 699.5, 699.5, 699.5, 699.5, 699.5, 699.5, 699.5, 392.5, 355.5, 317.5, 283.5, 240.5, 227.5, 200.5, 173.5, 154.5, 146.5, 136.5, 121.5, 112.5, 97.5, 89.5, 77.5, 68.5, 60.5, 53.5, 38.5, 25.5, 13.5, -4.5, -18.5, -35.5, -56.5, -80.5, -99.5, -114.5, -134.5, -163.5, -194.5, -212.5, -218.5, -234.5, -242.5, -243.5]"
"75","75","877.774237509584","877.774237509584","black","yes","psycho","0","1","uniform","1","left_option","left_option","undefined","undefined","1","0","0","0","0","0","NA","0","7","7","7","0","NA","NA","7","7","Wed Apr 14 14:48:05 2021","A template containing a practice and an experimental phase","yes","genderbias-CecilieLaerkeManon.osexp","C:\Users\Jespe\Downloads\New folder\Gender-Bias-Mousetracking-Experiment","no","mono","no","18","no","white","no","yes","768","0","0","4_d_p_m_stim.jpg","7","7","0","C:/Users/Jespe/Downloads/New folder/Gender-Bias-Mousetracking-Experiment/subject-10.csv","Lentiform Loewenfeld","3.3.8","no","congruent","doctor","0","left_option","space","NA","space","left_option","NA","815.9529000986367","424.8570998897776","NA","1135.6827999697998","815.9529000986367","NA","4_d_c_m_stim.jpg","2","1024","2","48000","-16","experiment","10","even","7455.426700063981","7455.330200027674","7028.079300071113","5876.084299990907","7454.519600025378","NA","5886.685700039379","19316.30289996974","18496.74520001281","17987.10220004432","NA","NA","NA","18496.523400070146","17983.597700018436","[18497.473199968226, 18507.84990005195, 18518.182100029662, 18528.52479997091, 18538.85800007265, 18549.438299960457, 18559.87980007194, 18570.350300054997, 18580.626400071196, 18590.921199996956, 18601.193199981935, 18611.41380004119, 18621.7552999733, 18632.10899999831, 18642.500299960375, 18652.784200035967, 18663.08610001579, 18673.35820000153, 18683.931400068104, 18694.80110006407, 18705.121000064537, 18715.524700004607, 18726.036000065506, 18736.34870001115, 18746.777300024405, 18757.40380003117, 18767.67500001006, 18778.036699979566, 18788.514700019732, 18798.864700016566, 18809.168300009333, 18819.613600033335, 18830.20339999348, 18840.57230001781, 18850.89160001371, 18861.22520000208, 18871.531200013123, 18881.808800040744, 18892.53940002527, 18902.901399997063, 18913.489500060678, 18923.95339999348, 18934.266700060107, 18947.58300005924, 18958.90990004409, 18970.180500065908, 19012.397999991663, 19024.09780002199, 19043.560900026932, 19054.24970004242, 19064.659100025892, 19075.06599999033, 19086.999400053173, 19100.196599960327, 19110.48839997966, 19120.95460004639, 19132.153199985623, 19142.59669999592, 19152.994300005957, 19164.033900015056, 19174.557200050913, 19185.009800014086, 19196.03770005051, 19206.647100043483, 19219.067999976687, 19230.34660005942, 19240.740100038238, 19251.537700067274, 19262.14650005568, 19272.6726999972, 19284.65609997511, 19295.00140005257, 19305.269600008614, 19313.426100066863]","Extended template","6","7022.193900076672","8","yes","1024","[0, -0.5, -0.5, -0.5, -0.5, -0.5, -0.5, -0.5, -0.5, -0.5, -0.5, -0.5, -0.5, -0.5, -0.5, -0.5, -0.5, -0.5, -0.5, -0.5, -0.5, -0.5, -0.5, -0.5, -0.5, -0.5, -0.5, -0.5, -0.5, -0.5, -0.5, -0.5, -0.5, -0.5, -0.5, -0.5, -0.5, -0.5, -0.5, -0.5, -0.5, -0.5, -0.5, -0.5, -51.5, -70.5, -153.5, -163.5, -195.5, -211.5, -219.5, -232.5, -246.5, -253.5, -256.5, -258.5, -262.5, -266.5, -270.5, -273.5, -274.5, -277.5, -278.5, -279.5, -282.5, -286.5, -289.5, -294.5, -296.5, -300.5, -307.5, -308.5, -308.5, -308.5]","[700, 699.5, 699.5, 699.5, 699.5, 699.5, 699.5, 699.5, 699.5, 699.5, 699.5, 699.5, 699.5, 699.5, 699.5, 699.5, 699.5, 699.5, 699.5, 699.5, 699.5, 699.5, 699.5, 699.5, 699.5, 699.5, 699.5, 699.5, 699.5, 699.5, 699.5, 699.5, 699.5, 699.5, 699.5, 699.5, 699.5, 699.5, 699.5, 699.5, 699.5, 699.5, 699.5, 699.5, 368.5, 312.5, 88.5, 49.5, -26.5, -64.5, -97.5, -125.5, -156.5, -193.5, -210.5, -221.5, -232.5, -238.5, -241.5, -247.5, -249.5, -253.5, -254.5, -256.5, -258.5, -261.5, -262.5, -266.5, -272.5, -275.5, -279.5, -280.5, -280.5, -280.5]"
"77.77777777777777","77.77777777777777","873.3038333529192","873.3038333529192","black","yes","psycho","0","0","uniform","1","left_option","left_option","undefined","undefined","1","0","0","0","0","0","NA","0","8","8","8","0","NA","NA","8","8","Wed Apr 14 14:48:05 2021","A template containing a practice and an experimental phase","yes","genderbias-CecilieLaerkeManon.osexp","C:\Users\Jespe\Downloads\New folder\Gender-Bias-Mousetracking-Experiment","no","mono","no","18","no","white","no","yes","768","0","0","1_d_p_f_stim.jpg","8","8","0","C:/Users/Jespe/Downloads/New folder/Gender-Bias-Mousetracking-Experiment/subject-10.csv","Lentiform Loewenfeld","3.3.8","no","incongruent","doctor","0","left_option","space","NA","space","left_option","NA","837.5406000996009","424.8570998897776","NA","1135.6827999697998","837.5406000996009","NA","1_d_c_m_stim.jpg","2","1024","2","48000","-16","experiment","10","even","7455.426700063981","7455.330200027674","7028.079300071113","5876.084299990907","7454.519600025378","NA","5886.685700039379","20780.160199967213","19938.85490007233","19419.093600008637","NA","NA","NA","19938.639100058936","19414.714999962598","[19939.819399965927, 19950.827999971807, 19961.180299986154, 19971.434500068426, 19981.690300046466, 19992.02830006834, 20002.44010007009, 20012.769400025718, 20023.00990000367, 20033.399400068447, 20043.829899979755, 20054.115200066008, 20064.36710001435, 20075.009600026533, 20085.521699977107, 20095.76100006234, 20106.037999968976, 20116.38070002664, 20126.643100054935, 20136.93040004, 20147.18970004469, 20157.46290003881, 20167.76740003843, 20178.109899978153, 20188.55479999911, 20198.93840001896, 20209.22049996443, 20219.54049996566, 20229.90579996258, 20240.146500058472, 20250.49880007282, 20260.744599974714, 20271.11780003179, 20281.451600021683, 20291.711200028658, 20302.041899994947, 20312.61030002497, 20323.052800027654, 20333.369500003755, 20343.620000057854, 20353.995600016788, 20364.295799983665, 20374.52780001331, 20384.800600004382, 20395.246900036, 20405.850099981762, 20416.19030002039, 20426.555100013502, 20436.79389997851, 20447.122000041418, 20457.926800008863, 20468.172700027935, 20478.52750006132, 20488.842600025237, 20499.10750007257, 20510.050800046884, 20520.35860007163, 20530.636199982837, 20540.970099973492, 20551.283900043927, 20561.72090000473, 20572.047500056215, 20582.661899970844, 20593.155200011097, 20603.483799961396, 20613.741400069557, 20624.00179996621, 20634.29920002818, 20644.787900033407, 20655.150100006722, 20665.447000064887, 20675.79270002898, 20686.126200016588, 20696.602300042287, 20707.041000016034, 20717.525899992324, 20727.843399974518, 20738.14729996957, 20748.527899966575, 20758.798200055026, 20769.25560005475, 20777.360000065528]","Extended template","7","7859.734500176273","9","yes","1024","[0, -0.5, -0.5, -0.5, -0.5, -0.5, -0.5, -0.5, -0.5, -0.5, -0.5, -0.5, -0.5, -0.5, -0.5, -0.5, -0.5, -0.5, -0.5, -0.5, -0.5, -0.5, -0.5, -0.5, -0.5, -0.5, -0.5, -0.5, -0.5, -0.5, -0.5, -0.5, -0.5, -0.5, -0.5, -0.5, -0.5, -0.5, -0.5, -0.5, -0.5, -0.5, -0.5, -0.5, -89.5, -99.5, -96.5, -109.5, -131.5, -141.5, -148.5, -162.5, -167.5, -189.5, -214.5, -217.5, -228.5, -230.5, -235.5, -236.5, -237.5, -237.5, -237.5, -237.5, -237.5, -237.5, -239.5, -241.5, -247.5, -253.5, -263.5, -274.5, -277.5, -278.5, -278.5, -285.5, -295.5, -300.5, -303.5, -305.5, -308.5, -308.5]","[700, 699.5, 699.5, 699.5, 699.5, 699.5, 699.5, 699.5, 699.5, 699.5, 699.5, 699.5, 699.5, 699.5, 699.5, 699.5, 699.5, 699.5, 699.5, 699.5, 699.5, 699.5, 699.5, 699.5, 699.5, 699.5, 699.5, 699.5, 699.5, 699.5, 699.5, 699.5, 699.5, 699.5, 699.5, 699.5, 699.5, 699.5, 699.5, 699.5, 699.5, 699.5, 699.5, 699.5, 410.5, 354.5, 308.5, 266.5, 206.5, 167.5, 135.5, 107.5, 67.5, 47.5, 21.5, -4.5, -20.5, -33.5, -46.5, -54.5, -62.5, -66.5, -66.5, -67.5, -67.5, -70.5, -72.5, -76.5, -82.5, -91.5, -98.5, -112.5, -123.5, -141.5, -149.5, -161.5, -181.5, -203.5, -222.5, -228.5, -232.5, -234.5]"
"80","80","893.9925500191748","893.9925500191748","black","yes","psycho","0","0","uniform","1","right_option","right_option","undefined","undefined","1","0","0","0","0","0","NA","0","9","9","9","0","NA","NA","9","9","Wed Apr 14 14:48:05 2021","A template containing a practice and an experimental phase","yes","genderbias-CecilieLaerkeManon.osexp","C:\Users\Jespe\Downloads\New folder\Gender-Bias-Mousetracking-Experiment","no","mono","no","18","no","white","no","yes","768","0","0","3_d_c_f_stim.jpg","9","9","0","C:/Users/Jespe/Downloads/New folder/Gender-Bias-Mousetracking-Experiment/subject-10.csv","Lentiform Loewenfeld","3.3.8","no","congruent","doctor","0","right_option","space","NA","space","right_option","NA","1080.1910000154749","424.8570998897776","NA","1135.6827999697998","1080.1910000154749","NA","3_d_p_m_stim.jpg","2","1024","2","48000","-16","experiment","10","even","7455.426700063981","7455.330200027674","7028.079300071113","5876.084299990907","7454.519600025378","NA","5886.685700039379","22464.02189997025","21380.434400052764","20873.405699967407","NA","NA","NA","21380.285599967465","20870.117200072855","[21381.194400019012, 21391.68310002424, 21402.089199982584, 21412.446600035764, 21422.8279000381, 21433.21589997504, 21443.5797999613, 21453.904299996793, 21464.271000004373, 21474.609300028533, 21484.93200005032, 21495.22809998598, 21505.48230006825, 21515.817400068045, 21526.05380001478, 21536.33789997548, 21546.62689997349, 21556.934499996714, 21567.185000050813, 21577.44979998097, 21587.69369998481, 21597.967199981213, 21608.243499998935, 21618.546599987894, 21628.89290007297, 21639.21339996159, 21649.474499979988, 21659.73239997402, 21670.022999984212, 21680.269800010137, 21690.526699996553, 21700.79789997544, 21711.067900061607, 21721.38320002705, 21731.681399978697, 21741.94640002679, 21752.293600002304, 21762.670399970375, 21773.16119999159, 21783.482099999674, 21793.733500060625, 21804.052700055763, 21814.315699972212, 21824.732500012033, 21835.06850001868, 21845.369999995455, 21856.375299976207, 21866.667700000107, 21877.05350003671, 21888.797600055113, 21899.30489996914, 21909.824099973775, 21920.13109999243, 21930.3901999956, 21940.633499994874, 21950.909700011835, 21961.222500074655, 21971.72470006626, 21982.27759997826, 21992.971000028774, 22003.256500000134, 22013.862399966456, 22024.79549997952, 22035.031000035815, 22045.573699986562, 22055.896200006828, 22066.15079997573, 22076.42250007484, 22086.677700048313, 22096.921500051394, 22107.306999969296, 22117.590000038035, 22127.986300038174, 22131.422100006603, 22133.558599976823, 22133.779100026004, 22133.94630001858, 22134.10110003315, 22134.246099973097, 22134.387099999003, 22134.525800007395, 22134.663800010458, 22134.80170001276, 22134.938100003637, 22135.137200006284, 22135.339200031012, 22135.480800061487, 22135.61900006607, 22135.754400049336, 22135.890900040977, 22136.026700027287, 22136.175199993886, 22136.310299974866, 22136.44520007074, 22136.57960004639, 22136.714500025846, 22136.849400005303, 22136.986099998467, 22137.227099970914, 22137.492300011218, 22137.73439999204, 22137.931799981743, 22138.190799974836, 22138.48019996658, 22138.748900033534, 22139.254500041716, 22139.537599985488, 22139.769900008105, 22139.92290000897, 22140.074099996127, 22140.218000044115, 22140.35540004261, 22140.491700032726, 22140.627300017513, 22140.76209999621, 22140.897399978712, 22141.042900038883, 22141.180700040422, 22141.31630002521, 22141.450900002383, 22141.595700057223, 22141.733500058763, 22141.869400045834, 22142.005300032906, 22142.283100052737, 22142.67500001006, 22142.895800061524, 22143.0806000717, 22143.251699977554, 22143.41100002639, 22143.55829998385, 22143.697599996813, 22143.835700000636, 22143.974000005983, 22144.168599974364, 22144.3957000738, 22144.65819997713, 22144.895400037058, 22145.047200028785, 22145.209099981003, 22145.33940004185, 22145.467399968766, 22145.59490000829, 22145.722800050862, 22145.849599968642, 22145.976400002837, 22146.126199979335, 22146.254200022668, 22146.380600053817, 22146.507299970835, 22146.634500008076, 22146.761500043795, 22146.89219999127, 22147.018800023943, 22147.169000003487, 22147.295200033113, 22147.432600031607, 22147.56800001487, 22147.701799985953, 22147.83599996008, 22147.982600028627, 22148.165500024334, 22148.29679997638, 22148.425100021996, 22148.55250006076, 22148.69429997634, 22148.83199997712, 22148.969399975613, 22149.32680001948, 22149.64019996114, 22149.819100042805, 22149.985400028527, 22150.13690001797, 22150.279300054535, 22150.418600067496, 22150.555700063705, 22150.693000061437, 22150.830000056885, 22150.971499970183, 22151.398799964227, 22151.657700072974, 22151.81680000387, 22151.95790003054, 22152.150999987498, 22152.38720003981, 22152.636599959806, 22152.788200066425, 22152.928999974392, 22153.088200022466, 22153.22019997984, 22153.35070004221, 22153.48099998664, 22153.611100045964, 22153.73909997288, 22153.865800006315, 22153.993000043556, 22154.194500064477, 22154.393700067885, 22154.525500023738, 22154.654699959792, 22154.782800003886, 22154.909800039604, 22155.05140007008, 22155.188300064765, 22155.3146999795, 22155.44130001217, 22155.567300040275, 22155.702900025062, 22155.83130007144, 22155.957799986936, 22156.15220007021, 22156.350000062957, 22156.57300001476, 22156.707799993455, 22156.852000043727, 22156.99070005212, 22157.13800000958, 22157.27359999437, 22157.454499974847, 22157.60350006167, 22157.741600065492, 22157.87860006094, 22158.01500005182, 22158.23070006445, 22158.444600063376, 22158.65500003565, 22158.820200012997, 22158.95489999093, 22159.110100008547, 22159.2409000732, 22159.36970000621, 22159.497200045735, 22159.624899970368, 22159.75210000761, 22159.879000042565, 22160.006699967198, 22160.16369999852, 22160.292000044137, 22160.419399966486, 22160.55430006236, 22160.68199998699, 22160.808500018902, 22160.93550005462, 22161.089800065383, 22161.21709998697, 22161.34360001888, 22161.470100050792, 22161.607600050047, 22161.744400043972, 22161.87930002343, 22162.01580001507, 22162.440599990077, 22162.78859996237, 22163.0113000283, 22163.199400063604, 22163.361400016584, 22163.51260000374, 22163.65860006772, 22163.803400006145, 22163.945500040427, 22164.10060005728, 22164.243299979717, 22164.382999995723, 22164.521099999547, 22164.658900001086, 22164.795299991965, 22164.931599982083, 22165.078400052153, 22165.217000059783, 22165.368600049987, 22165.51930003334, 22165.65790004097, 22165.896799997427, 22166.053400025703, 22166.19530005846, 22166.342000011355, 22166.4803000167, 22166.61730001215, 22166.754100006074, 22166.88949998934, 22167.050200048834, 22167.312500067055, 22167.52819996327, 22167.78020001948, 22168.04730007425, 22168.388699996285, 22168.683500029147, 22168.958300026134, 22169.251500046812, 22169.520399998873, 22169.781300006434, 22170.06749997381, 22170.36550003104, 22170.646400074475, 22170.915800030343, 22171.18579999078, 22171.424900065176, 22171.676900004968, 22171.9115000451, 22172.32300003525, 22172.72709996905, 22172.907200059853, 22173.06110006757, 22173.202999983914, 22173.343000002205, 22173.480700002983, 22173.6196000129, 22173.75900002662, 22173.897100030445, 22174.05420006253, 22174.265600042418, 22174.587900051847, 22174.923400045373, 22175.165400025435, 22175.344199989922, 22175.50889996346, 22175.67040002905, 22175.82310002763, 22175.97099998966, 22176.125600002706, 22176.270900061354, 22176.412799977697, 22176.553099998273, 22176.69270001352, 22176.83270003181, 22176.97200004477, 22177.119400002994, 22177.258000010625, 22177.39560001064, 22177.643400034867, 22177.879699971527, 22178.154499968514, 22178.4552000463, 22178.703500074334, 22178.93679998815, 22179.105199989863, 22179.25190005917, 22179.39429997932, 22179.533099988475, 22179.670799989253, 22179.820999968797, 22179.957499960437, 22180.194600019604, 22180.438700015657, 22180.623000022024, 22180.768899968825, 22180.909599992447, 22181.076399981976, 22181.21519999113, 22181.348100071773, 22181.48090003524, 22181.62399996072, 22181.76309997216, 22181.90029996913, 22182.050200062804, 22182.303400011733, 22182.843000045978, 22183.080699993297, 22183.26059996616, 22183.411700068973, 22183.555399999022, 22183.69580002036, 22183.84359998163, 22183.980699977838, 22184.12160000298, 22184.257799992338, 22184.39309997484, 22184.52780006919, 22184.66290005017, 22184.81140001677, 22184.947000001557, 22185.085900011472, 22185.22069999017, 22185.355399968103, 22185.49140007235, 22185.62700005714, 22185.76080002822, 22185.89580000844, 22186.06480001472, 22186.344500049017, 22186.50119996164, 22186.6594000021, 22187.250999966636, 22187.69340007566, 22188.03650001064, 22188.32369998563, 22188.52780002635, 22188.703799969517, 22188.867400051095, 22189.04249998741, 22189.26100002136, 22189.42149996292, 22189.64880006388, 22189.807899994776, 22189.955500070937, 22190.10420003906, 22190.2473999653, 22190.388899995014, 22190.529500017874, 22190.67180005368, 22190.81190007273, 22190.951799973845, 22191.16419996135, 22191.43470004201, 22191.63000001572, 22191.909500048496, 22192.189599969424, 22192.44700006675, 22192.767800064757, 22193.051500013098, 22193.3352999622, 22193.53000004776, 22193.66870005615, 22193.8018000219, 22193.93740000669, 22194.086199975573, 22194.22519998625, 22194.35310002882, 22194.480500067584, 22194.608599995263, 22194.735100027174, 22194.861500058323, 22194.98889998067, 22195.136100053787, 22195.30170003418, 22195.53570006974, 22195.67659997847, 22195.806400035508, 22195.934899966232, 22196.11270003952, 22196.251000044867, 22196.38079998549, 22196.509000030346, 22196.63650006987, 22196.764099993743, 22196.891300030984, 22197.032700059935, 22197.1694000531, 22197.29559996631, 22197.432499960996, 22197.5681000622, 22197.703500045463, 22197.83910003025, 22197.97420001123, 22198.20790004451, 22198.421900044195, 22198.632000014186, 22198.830100009218, 22198.991999961436, 22199.83419997152, 22200.084100011736, 22200.26479999069, 22200.434200000018, 22200.581500073895, 22200.71910007391, 22200.85410005413, 22200.98780002445, 22201.15189999342, 22201.283500064164, 22201.41680003144, 22201.547599979676, 22201.695100055076, 22201.832700055093, 22201.96910004597, 22202.108500059694, 22202.31079997029, 22202.700500027277, 22202.88170001004, 22203.0562000582, 22203.293700003996, 22203.498400049284, 22203.66970007308, 22203.826699987985, 22204.013800015673, 22204.230000032112, 22204.375799978152, 22204.510999959894, 22204.644600045867, 22204.77579999715, 22204.905500053428, 22205.111399991438, 22205.509899999015, 22205.70900000166, 22205.871799960732, 22206.03130001109, 22206.184700015, 22206.337200012058, 22206.507800030522, 22206.678200047463, 22206.87530003488, 22207.037499989383, 22207.182600046508, 22207.324199960567, 22207.471500034444, 22207.611600053497, 22207.749900058843, 22207.88750005886, 22208.059299970046, 22208.22190004401, 22208.36180006154, 22208.49970006384, 22208.637400064617, 22208.774400060065, 22208.910100045614, 22209.08469997812, 22209.233100060374, 22209.370300057344, 22209.50720005203, 22209.64370004367, 22209.779100026935, 22209.91380000487, 22210.060400073417, 22210.19720006734, 22210.33230004832, 22210.46650002245, 22210.601500002667, 22210.73599997908, 22210.869800066575, 22211.08150004875, 22211.294000037014, 22211.49380004499, 22211.658200016245, 22211.799400043674, 22211.936500039883, 22212.079899967648, 22212.21779996995, 22212.570999981835, 22212.731900042854, 22212.87300006952, 22213.05180003401, 22213.63300003577, 22213.837099960074, 22214.011500007473, 22214.23310006503, 22214.52230005525, 22214.791400008835, 22215.11400002055, 22215.546400053427, 22215.931699960493, 22216.25200007111, 22216.54569997918, 22216.835399973206, 22217.123300069943, 22217.399699962698, 22217.6825000206, 22217.959200032055, 22218.319699983113, 22218.721200013533, 22219.363300013356, 22219.70760007389, 22220.005300012417, 22220.17860005144, 22220.32910003327, 22220.473799970932, 22220.642299973406, 22220.828099991195, 22220.97600006964, 22231.67300003115, 22241.94900004659, 22252.26630002726, 22262.75960006751, 22273.018600069918, 22283.487200038508, 22293.86750003323, 22304.245800012723, 22314.555500051938, 22324.79730003979, 22335.076199960895, 22345.375600038096, 22356.03390005417, 22366.449999972247, 22376.76310003735, 22387.010000064038, 22397.294700029306, 22407.969000050798, 22418.50140003953, 22428.846099996008, 22439.107000012882, 22449.36820003204, 22459.610900026746, 22461.385400034487]","Extended template","8","8939.925500191748","10","yes","1024","[0, -0.5, -0.5, -0.5, -0.5, -0.5, -0.5, -0.5, -0.5, -0.5, -0.5, -0.5, -0.5, -0.5, -0.5, -0.5, -0.5, -0.5, -0.5, -0.5, -0.5, -0.5, -0.5, -0.5, -0.5, -0.5, -0.5, -0.5, -0.5, -0.5, -0.5, -0.5, -0.5, -0.5, -0.5, -0.5, -0.5, -0.5, -0.5, -0.5, -0.5, -0.5, -0.5, -0.5, -0.5, 36.5, 54.5, 78.5, 103.5, 150.5, 178.5, 196.5, 223.5, 243.5, 252.5, 283.5, 287.5, 315.5, 333.5, 340.5, 364.5, 383.5, 389.5, 392.5, 394.5, 396.5, 396.5, 396.5, 396.5, 396.5, 396.5, 396.5, 396.5, 396.5, 396.5, 396.5, 396.5, 396.5, 396.5, 396.5, 396.5, 396.5, 396.5, 396.5, 396.5, 396.5, 396.5, 396.5, 396.5, 396.5, 396.5, 396.5, 396.5, 396.5, 396.5, 396.5, 396.5, 396.5, 396.5, 396.5, 396.5, 396.5, 396.5, 396.5, 396.5, 396.5, 396.5, 396.5, 396.5, 396.5, 396.5, 396.5, 396.5, 396.5, 396.5, 396.5, 396.5, 396.5, 396.5, 396.5, 396.5, 396.5, 396.5, 396.5, 396.5, 396.5, 396.5, 396.5, 396.5, 396.5, 396.5, 396.5, 396.5, 396.5, 396.5, 396.5, 396.5, 396.5, 396.5, 396.5, 396.5, 396.5, 396.5, 396.5, 396.5, 396.5, 396.5, 396.5, 396.5, 396.5, 396.5, 396.5, 396.5, 396.5, 396.5, 396.5, 396.5, 396.5, 396.5, 396.5, 396.5, 396.5, 396.5, 396.5, 396.5, 396.5, 396.5, 396.5, 396.5, 396.5, 396.5, 396.5, 396.5, 396.5, 396.5, 396.5, 396.5, 396.5, 396.5, 396.5, 396.5, 396.5, 396.5, 396.5, 396.5, 396.5, 396.5, 396.5, 396.5, 396.5, 396.5, 396.5, 396.5, 396.5, 396.5, 396.5, 396.5, 396.5, 396.5, 396.5, 396.5, 396.5, 396.5, 396.5, 396.5, 396.5, 396.5, 396.5, 396.5, 396.5, 396.5, 396.5, 396.5, 396.5, 396.5, 396.5, 396.5, 396.5, 396.5, 396.5, 396.5, 396.5, 396.5, 396.5, 396.5, 396.5, 396.5, 396.5, 396.5, 396.5, 396.5, 396.5, 396.5, 396.5, 396.5, 396.5, 396.5, 396.5, 396.5, 396.5, 396.5, 396.5, 396.5, 396.5, 396.5, 396.5, 396.5, 396.5, 396.5, 396.5, 396.5, 396.5, 396.5, 396.5, 396.5, 396.5, 396.5, 396.5, 396.5, 396.5, 396.5, 396.5, 396.5, 396.5, 396.5, 396.5, 396.5, 396.5, 396.5, 396.5, 396.5, 396.5, 396.5, 396.5, 396.5, 396.5, 396.5, 396.5, 396.5, 396.5, 396.5, 396.5, 396.5, 396.5, 396.5, 396.5, 396.5, 396.5, 396.5, 396.5, 396.5, 396.5, 396.5, 396.5, 396.5, 396.5, 396.5, 396.5, 396.5, 396.5, 396.5, 396.5, 396.5, 396.5, 396.5, 396.5, 396.5, 396.5, 396.5, 396.5, 396.5, 396.5, 396.5, 396.5, 396.5, 396.5, 396.5, 396.5, 396.5, 396.5, 396.5, 396.5, 396.5, 396.5, 396.5, 396.5, 396.5, 396.5, 396.5, 396.5, 396.5, 396.5, 396.5, 396.5, 396.5, 396.5, 396.5, 396.5, 396.5, 396.5, 396.5, 396.5, 396.5, 396.5, 396.5, 396.5, 396.5, 396.5, 396.5, 396.5, 396.5, 396.5, 396.5, 396.5, 396.5, 396.5, 396.5, 396.5, 396.5, 396.5, 396.5, 396.5, 396.5, 396.5, 396.5, 396.5, 396.5, 396.5, 396.5, 396.5, 396.5, 396.5, 396.5, 396.5, 396.5, 396.5, 396.5, 396.5, 396.5, 396.5, 396.5, 396.5, 396.5, 396.5, 396.5, 396.5, 396.5, 396.5, 396.5, 396.5, 396.5, 396.5, 396.5, 396.5, 396.5, 396.5, 396.5, 396.5, 396.5, 396.5, 396.5, 396.5, 396.5, 396.5, 396.5, 396.5, 396.5, 396.5, 396.5, 396.5, 396.5, 396.5, 396.5, 396.5, 396.5, 396.5, 396.5, 396.5, 396.5, 396.5, 396.5, 396.5, 396.5, 396.5, 396.5, 396.5, 396.5, 396.5, 396.5, 396.5, 396.5, 396.5, 396.5, 396.5, 396.5, 396.5, 396.5, 396.5, 396.5, 396.5, 396.5, 396.5, 396.5, 396.5, 396.5, 396.5, 396.5, 396.5, 396.5, 396.5, 396.5, 396.5, 396.5, 396.5, 396.5, 396.5, 396.5, 396.5, 396.5, 396.5, 396.5, 396.5, 396.5, 396.5, 396.5, 396.5, 396.5, 396.5, 396.5, 396.5, 396.5, 396.5, 396.5, 396.5, 396.5, 396.5, 396.5, 396.5, 396.5, 396.5, 396.5, 396.5, 396.5, 396.5, 396.5, 396.5, 396.5, 396.5, 396.5, 396.5, 396.5, 396.5, 396.5, 396.5, 396.5, 396.5, 396.5, 396.5, 396.5, 396.5, 396.5, 396.5, 396.5, 396.5, 396.5, 396.5, 396.5, 396.5, 396.5, 396.5, 396.5, 396.5, 396.5, 396.5, 396.5, 396.5, 396.5, 396.5, 396.5, 396.5, 396.5, 396.5, 396.5, 396.5, 396.5, 396.5, 396.5, 396.5, 396.5, 396.5, 396.5, 396.5, 396.5, 396.5, 396.5, 396.5, 396.5, 396.5, 396.5, 396.5, 396.5, 396.5, 396.5, 396.5, 396.5, 396.5, 396.5, 396.5, 396.5, 396.5, 396.5, 396.5, 396.5, 396.5, 396.5, 396.5, 396.5, 396.5, 396.5, 396.5, 396.5, 396.5, 395.5, 394.5, 394.5, 393.5, 394.5, 398.5, 400.5, 401.5, 403.5, 403.5, 401.5, 393.5, 393.5, 393.5, 392.5, 392.5, 392.5, 392.5, 392.5]","[700, 699.5, 699.5, 699.5, 699.5, 699.5, 699.5, 699.5, 699.5, 699.5, 699.5, 699.5, 699.5, 699.5, 699.5, 699.5, 699.5, 699.5, 699.5, 699.5, 699.5, 699.5, 699.5, 699.5, 699.5, 699.5, 699.5, 699.5, 699.5, 699.5, 699.5, 699.5, 699.5, 699.5, 699.5, 699.5, 699.5, 699.5, 699.5, 699.5, 699.5, 699.5, 699.5, 699.5, 699.5, 398.5, 351.5, 302.5, 264.5, 189.5, 133.5, 64.5, -6.5, -66.5, -96.5, -136.5, -177.5, -237.5, -285.5, -324.5, -354.5, -379.5, -391.5, -400.5, -405.5, -411.5, -411.5, -411.5, -411.5, -411.5, -411.5, -411.5, -411.5, -411.5, -411.5, -411.5, -411.5, -411.5, -411.5, -411.5, -411.5, -411.5, -411.5, -411.5, -411.5, -411.5, -411.5, -411.5, -411.5, -411.5, -411.5, -411.5, -411.5, -411.5, -411.5, -411.5, -411.5, -411.5, -411.5, -411.5, -411.5, -411.5, -411.5, -411.5, -411.5, -411.5, -411.5, -411.5, -411.5, -411.5, -411.5, -411.5, -411.5, -411.5, -411.5, -411.5, -411.5, -411.5, -411.5, -411.5, -411.5, -411.5, -411.5, -411.5, -411.5, -411.5, -411.5, -411.5, -411.5, -411.5, -411.5, -411.5, -411.5, -411.5, -411.5, -411.5, -411.5, -411.5, -411.5, -411.5, -411.5, -411.5, -411.5, -411.5, -411.5, -411.5, -411.5, -411.5, -411.5, -411.5, -411.5, -411.5, -411.5, -411.5, -411.5, -411.5, -411.5, -411.5, -411.5, -411.5, -411.5, -411.5, -411.5, -411.5, -411.5, -411.5, -411.5, -411.5, -411.5, -411.5, -411.5, -411.5, -411.5, -411.5, -411.5, -411.5, -411.5, -411.5, -411.5, -411.5, -411.5, -411.5, -411.5, -411.5, -411.5, -411.5, -411.5, -411.5, -411.5, -411.5, -411.5, -411.5, -411.5, -411.5, -411.5, -411.5, -411.5, -411.5, -411.5, -411.5, -411.5, -411.5, -411.5, -411.5, -411.5, -411.5, -411.5, -411.5, -411.5, -411.5, -411.5, -411.5, -411.5, -411.5, -411.5, -411.5, -411.5, -411.5, -411.5, -411.5, -411.5, -411.5, -411.5, -411.5, -411.5, -411.5, -411.5, -411.5, -411.5, -411.5, -411.5, -411.5, -411.5, -411.5, -411.5, -411.5, -411.5, -411.5, -411.5, -411.5, -411.5, -411.5, -411.5, -411.5, -411.5, -411.5, -411.5, -411.5, -411.5, -411.5, -411.5, -411.5, -411.5, -411.5, -411.5, -411.5, -411.5, -411.5, -411.5, -411.5, -411.5, -411.5, -411.5, -411.5, -411.5, -411.5, -411.5, -411.5, -411.5, -411.5, -411.5, -411.5, -411.5, -411.5, -411.5, -411.5, -411.5, -411.5, -411.5, -411.5, -411.5, -411.5, -411.5, -411.5, -411.5, -411.5, -411.5, -411.5, -411.5, -411.5, -411.5, -411.5, -411.5, -411.5, -411.5, -411.5, -411.5, -411.5, -411.5, -411.5, -411.5, -411.5, -411.5, -411.5, -411.5, -411.5, -411.5, -411.5, -411.5, -411.5, -411.5, -411.5, -411.5, -411.5, -411.5, -411.5, -411.5, -411.5, -411.5, -411.5, -411.5, -411.5, -411.5, -411.5, -411.5, -411.5, -411.5, -411.5, -411.5, -411.5, -411.5, -411.5, -411.5, -411.5, -411.5, -411.5, -411.5, -411.5, -411.5, -411.5, -411.5, -411.5, -411.5, -411.5, -411.5, -411.5, -411.5, -411.5, -411.5, -411.5, -411.5, -411.5, -411.5, -411.5, -411.5, -411.5, -411.5, -411.5, -411.5, -411.5, -411.5, -411.5, -411.5, -411.5, -411.5, -411.5, -411.5, -411.5, -411.5, -411.5, -411.5, -411.5, -411.5, -411.5, -411.5, -411.5, -411.5, -411.5, -411.5, -411.5, -411.5, -411.5, -411.5, -411.5, -411.5, -411.5, -411.5, -411.5, -411.5, -411.5, -411.5, -411.5, -411.5, -411.5, -411.5, -411.5, -411.5, -411.5, -411.5, -411.5, -411.5, -411.5, -411.5, -411.5, -411.5, -411.5, -411.5, -411.5, -411.5, -411.5, -411.5, -411.5, -411.5, -411.5, -411.5, -411.5, -411.5, -411.5, -411.5, -411.5, -411.5, -411.5, -411.5, -411.5, -411.5, -411.5, -411.5, -411.5, -411.5, -411.5, -411.5, -411.5, -411.5, -411.5, -411.5, -411.5, -411.5, -411.5, -411.5, -411.5, -411.5, -411.5, -411.5, -411.5, -411.5, -411.5, -411.5, -411.5, -411.5, -411.5, -411.5, -411.5, -411.5, -411.5, -411.5, -411.5, -411.5, -411.5, -411.5, -411.5, -411.5, -411.5, -411.5, -411.5, -411.5, -411.5, -411.5, -411.5, -411.5, -411.5, -411.5, -411.5, -411.5, -411.5, -411.5, -411.5, -411.5, -411.5, -411.5, -411.5, -411.5, -411.5, -411.5, -411.5, -411.5, -411.5, -411.5, -411.5, -411.5, -411.5, -411.5, -411.5, -411.5, -411.5, -411.5, -411.5, -411.5, -411.5, -411.5, -411.5, -411.5, -411.5, -411.5, -411.5, -411.5, -411.5, -411.5, -411.5, -411.5, -411.5, -411.5, -411.5, -411.5, -411.5, -411.5, -411.5, -411.5, -411.5, -411.5, -411.5, -411.5, -411.5, -411.5, -411.5, -411.5, -411.5, -411.5, -411.5, -411.5, -411.5, -411.5, -411.5, -411.5, -411.5, -411.5, -411.5, -411.5, -411.5, -411.5, -411.5, -411.5, -411.5, -411.5, -411.5, -411.5, -411.5, -411.5, -411.5, -411.5, -411.5, -411.5, -411.5, -411.5, -411.5, -411.5, -411.5, -411.5, -411.5, -411.5, -411.5, -411.5, -411.5, -408.5, -403.5, -397.5, -389.5, -381.5, -370.5, -358.5, -342.5, -328.5, -321.5, -308.5, -288.5, -269.5, -255.5, -251.5, -251.5, -251.5, -251.5, -251.5]"
"81.81818181818181","81.81818181818181","885.7094545700503","885.7094545700503","black","yes","psycho","0","0","uniform","1","left_option","left_option","undefined","undefined","1","0","0","0","0","0","NA","0","10","10","10","0","NA","NA","10","10","Wed Apr 14 14:48:05 2021","A template containing a practice and an experimental phase","yes","genderbias-CecilieLaerkeManon.osexp","C:\Users\Jespe\Downloads\New folder\Gender-Bias-Mousetracking-Experiment","no","mono","no","18","no","white","no","yes","768","0","0","5_m_p_f_stim.jpg","10","10","0","C:/Users/Jespe/Downloads/New folder/Gender-Bias-Mousetracking-Experiment/subject-10.csv","Lentiform Loewenfeld","3.3.8","no","incongruent","mechanic","0","left_option","space","NA","space","left_option","NA","802.8785000788048","424.8570998897776","NA","1135.6827999697998","802.8785000788048","NA","5_m_c_m_stim.jpg","2","1024","2","48000","-16","experiment","10","even","7455.426700063981","7455.330200027674","7028.079300071113","5876.084299990907","7454.519600025378","NA","5886.685700039379","23865.751200006343","23059.520400012843","22554.20250003226","NA","NA","NA","23059.305800008588","22549.858000013046","[23060.50729996059, 23070.780700072646, 23081.02699997835, 23091.418600059114, 23101.71870002523, 23112.011500052176, 23122.458099969663, 23132.777499966323, 23143.02720001433, 23153.284800006077, 23163.52669999469, 23173.810700071044, 23184.21269999817, 23194.46040003095, 23204.70000000205, 23215.356800006703, 23225.71060003247, 23235.98190001212, 23246.24979996588, 23256.510899984278, 23266.7510000756, 23277.514799963683, 23288.431199966, 23298.853900050744, 23309.17809996754, 23319.443100015633, 23329.699599999003, 23340.090699959546, 23350.407400052063, 23360.675900010392, 23370.91880000662, 23381.162000005133, 23391.51210000273, 23402.270899969153, 23412.687300005928, 23423.08259999845, 23433.61249996815, 23443.87379998807, 23454.106000019237, 23464.58969998639, 23474.916900042444, 23485.272699967027, 23495.810199994594, 23506.04780006688, 23516.792200040072, 23527.294900035486, 23539.48749997653, 23550.42590002995, 23560.78419997357, 23571.036700042896, 23581.335700000636, 23591.81420004461, 23602.075400063768, 23612.44749999605, 23622.860900009982, 23633.286700001918, 23644.09950003028, 23654.34460004326, 23664.62459997274, 23675.291000050493, 23685.744800022803, 23696.00990007166, 23706.41720003914, 23716.867799987085, 23727.116300025955, 23737.367899972014, 23748.244800022803, 23758.692000061274, 23769.03940003831, 23779.422900057398, 23790.08110007271, 23800.447799963877, 23810.749600059353, 23821.110800025053, 23831.722900038585, 23842.067099991255, 23852.412700071, 23862.9131000489, 23863.385800039396]","Extended template","9","9742.804000270553","11","yes","1024","[0, -0.5, -0.5, -0.5, -0.5, -0.5, -0.5, -0.5, -0.5, -0.5, -0.5, -0.5, -0.5, -0.5, -0.5, -0.5, -0.5, -0.5, -0.5, -0.5, -0.5, -0.5, -0.5, -0.5, -0.5, -0.5, -0.5, -0.5, -0.5, -0.5, -0.5, -0.5, -0.5, -0.5, -0.5, -0.5, -0.5, -0.5, -0.5, -0.5, -0.5, -44.5, -71.5, -81.5, -90.5, -109.5, -115.5, -124.5, -131.5, -137.5, -153.5, -158.5, -170.5, -175.5, -177.5, -177.5, -179.5, -180.5, -180.5, -178.5, -178.5, -178.5, -179.5, -181.5, -187.5, -201.5, -229.5, -248.5, -275.5, -295.5, -327.5, -350.5, -374.5, -403.5, -420.5, -423.5, -424.5, -424.5, -424.5]","[700, 699.5, 699.5, 699.5, 699.5, 699.5, 699.5, 699.5, 699.5, 699.5, 699.5, 699.5, 699.5, 699.5, 699.5, 699.5, 699.5, 699.5, 699.5, 699.5, 699.5, 699.5, 699.5, 699.5, 699.5, 699.5, 699.5, 699.5, 699.5, 699.5, 699.5, 699.5, 699.5, 699.5, 699.5, 699.5, 699.5, 699.5, 699.5, 699.5, 699.5, 395.5, 335.5, 299.5, 270.5, 229.5, 172.5, 125.5, 87.5, 48.5, 3.5, -26.5, -52.5, -71.5, -94.5, -104.5, -109.5, -113.5, -116.5, -116.5, -117.5, -117.5, -117.5, -117.5, -117.5, -115.5, -119.5, -124.5, -124.5, -137.5, -148.5, -169.5, -186.5, -210.5, -221.5, -226.5, -228.5, -229.5, -229.5]"
"83.33333333333333","83.33333333333333","884.9329583560271","884.9329583560271","black","yes","psycho","0","0","uniform","1","left_option","left_option","undefined","undefined","1","0","0","0","0","0","NA","0","11","11","11","0","NA","NA","11","11","Wed Apr 14 14:48:05 2021","A template containing a practice and an experimental phase","yes","genderbias-CecilieLaerkeManon.osexp","C:\Users\Jespe\Downloads\New folder\Gender-Bias-Mousetracking-Experiment","no","mono","no","18","no","white","no","yes","768","0","0","3_m_p_m_stim.jpg","11","11","0","C:/Users/Jespe/Downloads/New folder/Gender-Bias-Mousetracking-Experiment/subject-10.csv","Lentiform Loewenfeld","3.3.8","no","congruent","mechanic","0","left_option","space","NA","space","left_option","NA","876.3915000017732","424.8570998897776","NA","1135.6827999697998","876.3915000017732","NA","3_m_c_f_stim.jpg","2","1024","2","48000","-16","experiment","10","even","7455.426700063981","7455.330200027674","7028.079300071113","5876.084299990907","7454.519600025378","NA","5886.685700039379","25347.455300041474","24468.053300050087","23956.402500043623","NA","NA","NA","24467.85270003602","23952.667400008067","[24468.990299967118, 24479.611600050703, 24489.95840002317, 24500.202500028536, 24510.472299996763, 24520.71050007362, 24530.95210005995, 24541.327700018883, 24551.59599997569, 24561.87920004595, 24572.15909997467, 24582.543700002134, 24592.93190005701, 24603.244500001892, 24613.609499996528, 24623.915200005285, 24634.238800033927, 24644.781499984674, 24655.077500035986, 24665.406899992377, 24675.643100054003, 24685.95059996005, 24696.226299973205, 24706.462700036354, 24716.78889996838, 24727.074600057676, 24737.384199979715, 24747.92160000652, 24758.32290004473, 24768.68530001957, 24779.243299970403, 24789.5030999789, 24799.773000064306, 24810.001700068824, 24820.316500030458, 24830.581000074744, 24841.25599998515, 24851.61060001701, 24862.0280000614, 24872.28720006533, 24882.737700012513, 24893.095200066455, 24903.498100000434, 24913.75579999294, 24924.008500063792, 24934.290600009263, 24944.60429996252, 24954.870700021274, 24965.252200025134, 24975.712100043893, 24985.94350006897, 24996.206099982373, 25006.46990002133, 25016.70669997111, 25026.946400059387, 25037.257499992847, 25047.835399978794, 25058.084600022994, 25068.353299982846, 25078.687299974263, 25088.94320006948, 25099.272300023586, 25109.555899980478, 25119.80029998813, 25130.04970003385, 25140.323400031775, 25150.665499968454, 25160.955299972557, 25171.37510003522, 25182.290700031444, 25192.642500041984, 25202.93040003162, 25214.188699959777, 25224.470200017095, 25234.713300014846, 25245.041299960576, 25255.341100040823, 25266.0681999987, 25276.46740002092, 25286.852200049907, 25297.147099976428, 25307.576399995014, 25318.084400030784, 25328.784800018184, 25340.697600040585, 25345.38179996889]","Extended template","10","10619.195500272326","12","yes","1024","[0, -0.5, -0.5, -0.5, -0.5, -0.5, -0.5, -0.5, -0.5, -0.5, -0.5, -0.5, -0.5, -0.5, -0.5, -0.5, -0.5, -0.5, -0.5, -0.5, -0.5, -0.5, -0.5, -0.5, -0.5, -0.5, -0.5, -0.5, -0.5, -0.5, -0.5, -0.5, -0.5, -0.5, -0.5, -0.5, -0.5, -0.5, -0.5, -0.5, -0.5, -0.5, -0.5, -0.5, -0.5, -0.5, -23.5, -38.5, -44.5, -51.5, -73.5, -78.5, -86.5, -100.5, -104.5, -110.5, -111.5, -114.5, -114.5, -120.5, -124.5, -126.5, -130.5, -128.5, -132.5, -135.5, -135.5, -138.5, -141.5, -146.5, -155.5, -165.5, -191.5, -222.5, -247.5, -278.5, -302.5, -322.5, -338.5, -357.5, -382.5, -402.5, -420.5, -428.5, -436.5, -437.5]","[700, 699.5, 699.5, 699.5, 699.5, 699.5, 699.5, 699.5, 699.5, 699.5, 699.5, 699.5, 699.5, 699.5, 699.5, 699.5, 699.5, 699.5, 699.5, 699.5, 699.5, 699.5, 699.5, 699.5, 699.5, 699.5, 699.5, 699.5, 699.5, 699.5, 699.5, 699.5, 699.5, 699.5, 699.5, 699.5, 699.5, 699.5, 699.5, 699.5, 699.5, 699.5, 699.5, 699.5, 699.5, 699.5, 402.5, 348.5, 305.5, 256.5, 211.5, 177.5, 132.5, 106.5, 65.5, 46.5, 18.5, 0.5, -6.5, -25.5, -34.5, -42.5, -50.5, -49.5, -53.5, -57.5, -60.5, -62.5, -65.5, -66.5, -67.5, -72.5, -74.5, -78.5, -75.5, -79.5, -91.5, -100.5, -108.5, -123.5, -146.5, -166.5, -188.5, -200.5, -209.5, -212.5]"
"84.61538461538461","84.61538461538461","869.6868692506821","869.6868692506821","black","yes","psycho","0","1","uniform","1","right_option","right_option","undefined","undefined","1","0","0","0","0","0","NA","0","12","12","12","0","NA","NA","12","12","Wed Apr 14 14:48:05 2021","A template containing a practice and an experimental phase","yes","genderbias-CecilieLaerkeManon.osexp","C:\Users\Jespe\Downloads\New folder\Gender-Bias-Mousetracking-Experiment","no","mono","no","18","no","white","no","yes","768","0","0","1_n_c_f_stim.jpg","12","12","0","C:/Users/Jespe/Downloads/New folder/Gender-Bias-Mousetracking-Experiment/subject-10.csv","Lentiform Loewenfeld","3.3.8","no","congruent","nurse","0","right_option","space","NA","space","right_option","NA","686.7337999865413","424.8570998897776","NA","1135.6827999697998","686.7337999865413","NA","1_n_p_f_stim.jpg","2","1024","2","48000","-16","experiment","10","even","7455.426700063981","7455.330200027674","7028.079300071113","5876.084299990907","7454.519600025378","NA","5886.685700039379","26643.740999978036","25953.63190001808","25444.71070007421","NA","NA","NA","25953.28450005036","25441.17989996448","[25954.67170001939, 25965.057900059037, 25975.493400008418, 25985.77899998054, 25996.041600010358, 26006.33620005101, 26016.717400052585, 26027.027799980715, 26037.315199966542, 26047.636599978432, 26057.93030001223, 26068.243899964727, 26078.551099984907, 26088.81530002691, 26099.12999998778, 26109.52299996279, 26119.83229999896, 26130.10050007142, 26140.400600037538, 26150.65650001634, 26160.905400058255, 26171.162600046955, 26181.423300062306, 26191.864700056612, 26202.33650004957, 26212.72820001468, 26223.19100005552, 26233.507900033146, 26243.771200068295, 26254.09669999499, 26264.412499964237, 26274.72420001868, 26285.103300004266, 26295.51470000297, 26305.77480001375, 26316.091699991375, 26326.368600013666, 26336.637099971995, 26347.22170000896, 26357.711100019515, 26368.82610002067, 26379.327000002377, 26390.010499977507, 26400.250900071114, 26411.03469999507, 26423.18789998535, 26435.01280003693, 26445.456000044942, 26456.222400069237, 26466.509900055826, 26476.800700067542, 26487.093699979596, 26497.695700032637, 26508.19710001815, 26518.553200061433, 26529.016399988905, 26539.398099994287, 26550.026400014758, 26560.387299978174, 26570.64310007263, 26580.912600038573, 26591.165899997577, 26601.42259998247, 26611.681599984877, 26622.044699965045, 26632.426999974996, 26641.40550000593]","Extended template","11","11305.929300258867","13","yes","1024","[0, -0.5, -0.5, -0.5, -0.5, -0.5, -0.5, -0.5, -0.5, -0.5, -0.5, -0.5, -0.5, -0.5, -0.5, -0.5, -0.5, -0.5, -0.5, -0.5, -0.5, -0.5, -0.5, -0.5, -0.5, -0.5, -0.5, -0.5, -0.5, -0.5, -0.5, -0.5, -0.5, -0.5, -0.5, -0.5, -0.5, -0.5, -0.5, 78.5, 104.5, 140.5, 190.5, 218.5, 254.5, 295.5, 337.5, 359.5, 392.5, 412.5, 421.5, 433.5, 449.5, 457.5, 459.5, 461.5, 461.5, 461.5, 461.5, 461.5, 461.5, 461.5, 461.5, 461.5, 461.5, 461.5, 461.5]","[700, 699.5, 699.5, 699.5, 699.5, 699.5, 699.5, 699.5, 699.5, 699.5, 699.5, 699.5, 699.5, 699.5, 699.5, 699.5, 699.5, 699.5, 699.5, 699.5, 699.5, 699.5, 699.5, 699.5, 699.5, 699.5, 699.5, 699.5, 699.5, 699.5, 699.5, 699.5, 699.5, 699.5, 699.5, 699.5, 699.5, 699.5, 699.5, 399.5, 356.5, 310.5, 239.5, 192.5, 132.5, 60.5, 0.5, -48.5, -100.5, -144.5, -183.5, -211.5, -232.5, -248.5, -255.5, -256.5, -256.5, -256.5, -256.5, -256.5, -256.5, -256.5, -256.5, -256.5, -256.5, -256.5, -256.5]"
"85.71428571428571","85.71428571428571","858.2048285918843","858.2048285918843","black","yes","psycho","0","1","uniform","1","right_option","right_option","undefined","undefined","1","0","0","0","0","0","NA","0","13","13","13","0","NA","NA","13","13","Wed Apr 14 14:48:05 2021","A template containing a practice and an experimental phase","yes","genderbias-CecilieLaerkeManon.osexp","C:\Users\Jespe\Downloads\New folder\Gender-Bias-Mousetracking-Experiment","no","mono","no","18","no","white","no","yes","768","0","0","7_m_c_f_stim.jpg","13","13","0","C:/Users/Jespe/Downloads/New folder/Gender-Bias-Mousetracking-Experiment/subject-10.csv","Lentiform Loewenfeld","3.3.8","no","incongruent","mechanic","0","right_option","space","NA","space","right_option","NA","708.938300027512","424.8570998897776","NA","1135.6827999697998","708.938300027512","NA","7_m_p_f_stim.jpg","2","1024","2","48000","-16","experiment","10","even","7455.426700063981","7455.330200027674","7028.079300071113","5876.084299990907","7454.519600025378","NA","5886.685700039379","27971.416100044735","27259.256300050765","26738.81040001288","NA","NA","NA","27259.022300015204","26735.296400031075","[27260.42810000945, 27270.79430001322, 27281.17099998053, 27291.43230000045, 27301.76579998806, 27312.138900044374, 27322.42400001269, 27332.830899977125, 27343.193100066856, 27353.47410000395, 27363.726200070232, 27373.970399959944, 27384.236600017175, 27394.587800023146, 27404.844000004232, 27415.221799979918, 27425.69100006949, 27435.99709996488, 27446.338800014928, 27456.64490002673, 27466.907000052743, 27477.34850004781, 27487.685000058264, 27498.850699979812, 27509.30540007539, 27519.664700026624, 27529.92360002827, 27540.55400006473, 27550.841000047512, 27561.175500042737, 27571.48599997163, 27581.743099959567, 27592.02990005724, 27602.30600007344, 27612.659699982032, 27623.013600008562, 27633.36880004499, 27644.181000068784, 27654.555900022388, 27664.811399998143, 27675.21300003864, 27685.84369996097, 27696.168900001794, 27706.468599964865, 27716.722500044852, 27726.967700058594, 27737.2549000429, 27748.28200007323, 27758.67420004215, 27768.960600020364, 27779.238000046462, 27789.889400009997, 27800.133600016125, 27810.360400006175, 27820.60520001687, 27830.891099991277, 27841.16760001052, 27851.499199983664, 27861.806000000797, 27872.137899976224, 27882.72260001395, 27893.68610002566, 27903.937099967152, 27914.30850001052, 27924.770000041462, 27935.02630002331, 27945.329800015315, 27955.575500032865, 27965.829799999483, 27969.36640003696]","Extended template","12","12014.86760028638","14","yes","1024","[0, -0.5, -0.5, -0.5, -0.5, -0.5, -0.5, -0.5, -0.5, -0.5, -0.5, -0.5, -0.5, -0.5, -0.5, -0.5, -0.5, -0.5, -0.5, -0.5, -0.5, -0.5, -0.5, -0.5, -0.5, -0.5, -0.5, -0.5, -0.5, -0.5, -0.5, -0.5, -0.5, -0.5, -0.5, -0.5, 12.5, 23.5, 46.5, 65.5, 72.5, 82.5, 106.5, 134.5, 153.5, 169.5, 183.5, 211.5, 246.5, 276.5, 302.5, 323.5, 335.5, 338.5, 344.5, 346.5, 346.5, 346.5, 346.5, 346.5, 346.5, 346.5, 346.5, 346.5, 346.5, 346.5, 346.5, 346.5, 346.5, 346.5]","[700, 699.5, 699.5, 699.5, 699.5, 699.5, 699.5, 699.5, 699.5, 699.5, 699.5, 699.5, 699.5, 699.5, 699.5, 699.5, 699.5, 699.5, 699.5, 699.5, 699.5, 699.5, 699.5, 699.5, 699.5, 699.5, 699.5, 699.5, 699.5, 699.5, 699.5, 699.5, 699.5, 699.5, 699.5, 699.5, 407.5, 359.5, 311.5, 252.5, 216.5, 179.5, 128.5, 78.5, 35.5, -6.5, -41.5, -97.5, -151.5, -185.5, -208.5, -240.5, -265.5, -279.5, -292.5, -302.5, -305.5, -305.5, -305.5, -305.5, -305.5, -305.5, -305.5, -305.5, -305.5, -305.5, -305.5, -305.5, -305.5, -305.5]"
"86.66666666666667","86.66666666666667","853.4505533520132","853.4505533520132","black","yes","psycho","0","0","uniform","1","right_option","right_option","undefined","undefined","1","0","0","0","0","0","NA","0","14","14","14","0","NA","NA","14","14","Wed Apr 14 14:48:05 2021","A template containing a practice and an experimental phase","yes","genderbias-CecilieLaerkeManon.osexp","C:\Users\Jespe\Downloads\New folder\Gender-Bias-Mousetracking-Experiment","no","mono","no","18","no","white","no","yes","768","0","0","4_m_c_m_stim.jpg","14","14","0","C:/Users/Jespe/Downloads/New folder/Gender-Bias-Mousetracking-Experiment/subject-10.csv","Lentiform Loewenfeld","3.3.8","no","incongruent","mechanic","0","right_option","space","NA","space","right_option","NA","786.890699993819","424.8570998897776","NA","1135.6827999697998","786.890699993819","NA","4_m_p_f_stim.jpg","2","1024","2","48000","-16","experiment","10","even","7455.426700063981","7455.330200027674","7028.079300071113","5876.084299990907","7454.519600025378","NA","5886.685700039379","29365.65689998679","28576.74070005305","28071.71389996074","NA","NA","NA","28576.584600028582","28068.355199997313","[28577.53969996702, 28588.0024000071, 28598.405400058255, 28608.6793000577, 28619.381900061853, 28629.768599988893, 28640.045600011945, 28650.40909999516, 28660.714199999347, 28670.99480004981, 28681.282700039446, 28691.54090003576, 28701.80949999485, 28712.189099984244, 28722.56250004284, 28733.131999964826, 28743.50800004322, 28753.886400023475, 28764.15329996962, 28774.504699977115, 28784.911500057206, 28795.270500006154, 28805.648799985647, 28815.99420006387, 28826.278800028376, 28836.530199972913, 28846.895599970594, 28857.206400018185, 28867.503100074828, 28877.942400053144, 28888.278100057505, 28898.616099962965, 28908.964800066315, 28919.39589998219, 28929.65780000668, 28939.99210000038, 28950.236000004224, 28960.50320006907, 28970.748799969442, 28981.052799965255, 28991.59990006592, 29001.991700031795, 29012.247500009835, 29023.07890006341, 29038.960100035183, 29050.180400023237, 29060.65950007178, 29071.006200043485, 29081.44830004312, 29091.715299990028, 29102.054300019518, 29113.00100001972, 29123.358500073664, 29133.82340001408, 29144.06910003163, 29154.323800001293, 29164.589800057, 29174.860800034367, 29185.135000036098, 29195.891399984248, 29206.13870001398, 29216.467499965802, 29226.852199994028, 29237.35409998335, 29248.403200064786, 29258.699900005013, 29268.96450005006, 29280.226800008677, 29290.47999996692, 29300.99070002325, 29311.5135000553, 29321.802400052547, 29332.053199992515, 29342.378900037147, 29352.84910001792, 29363.651099964045, 29364.43039996084]","Extended template","13","12801.758300280198","15","yes","1024","[0, -0.5, -0.5, -0.5, -0.5, -0.5, -0.5, -0.5, -0.5, -0.5, -0.5, -0.5, -0.5, -0.5, -0.5, -0.5, -0.5, -0.5, -0.5, -0.5, -0.5, -0.5, -0.5, -0.5, -0.5, -0.5, -0.5, -0.5, -0.5, -0.5, -0.5, -0.5, -0.5, -0.5, -0.5, -0.5, -0.5, -73.5, -98.5, -123.5, -165.5, -219.5, -253.5, -278.5, -306.5, -312.5, -316.5, -316.5, -316.5, -312.5, -303.5, -286.5, -265.5, -231.5, -191.5, -137.5, -74.5, -1.5, 50.5, 109.5, 146.5, 193.5, 231.5, 260.5, 297.5, 321.5, 339.5, 353.5, 361.5, 371.5, 378.5, 386.5, 391.5, 395.5, 395.5, 395.5, 395.5]","[700, 699.5, 699.5, 699.5, 699.5, 699.5, 699.5, 699.5, 699.5, 699.5, 699.5, 699.5, 699.5, 699.5, 699.5, 699.5, 699.5, 699.5, 699.5, 699.5, 699.5, 699.5, 699.5, 699.5, 699.5, 699.5, 699.5, 699.5, 699.5, 699.5, 699.5, 699.5, 699.5, 699.5, 699.5, 699.5, 699.5, 399.5, 350.5, 317.5, 282.5, 216.5, 167.5, 126.5, 62.5, 28.5, -0.5, -15.5, -33.5, -53.5, -64.5, -73.5, -80.5, -86.5, -86.5, -90.5, -96.5, -112.5, -119.5, -146.5, -157.5, -156.5, -168.5, -173.5, -178.5, -190.5, -203.5, -212.5, -221.5, -227.5, -233.5, -240.5, -244.5, -250.5, -252.5, -253.5, -253.5]"
"87.5","87.5","847.0857937645633","847.0857937645633","black","yes","psycho","0","0","uniform","1","right_option","right_option","undefined","undefined","1","0","0","0","0","0","NA","0","15","15","15","0","NA","NA","15","15","Wed Apr 14 14:48:05 2021","A template containing a practice and an experimental phase","yes","genderbias-CecilieLaerkeManon.osexp","C:\Users\Jespe\Downloads\New folder\Gender-Bias-Mousetracking-Experiment","no","mono","no","18","no","white","no","yes","768","0","0","2_m_c_m_stim.jpg","15","15","0","C:/Users/Jespe/Downloads/New folder/Gender-Bias-Mousetracking-Experiment/subject-10.csv","Lentiform Loewenfeld","3.3.8","no","incongruent","mechanic","0","right_option","space","NA","space","right_option","NA","751.614399952814","424.8570998897776","NA","1135.6827999697998","751.614399952814","NA","2_m_p_f_stim.jpg","2","1024","2","48000","-16","experiment","10","even","7455.426700063981","7455.330200027674","7028.079300071113","5876.084299990907","7454.519600025378","NA","5886.685700039379","30730.641999980435","29974.76810007356","29458.667000057176","NA","NA","NA","29974.612900055945","29454.82660003472","[29975.683400058188, 29986.005300073884, 29996.255700010806, 30006.50170003064, 30016.84729999397, 30027.141300030053, 30037.411500001326, 30047.789699980058, 30058.576700044796, 30068.8978000544, 30079.309400054626, 30089.63100006804, 30099.8976000119, 30110.295500024222, 30120.549599989317, 30130.881099961698, 30141.136400052346, 30151.36610006448, 30161.65749996435, 30171.980199986137, 30182.353700045496, 30192.970799980685, 30203.335199970752, 30213.719799998216, 30224.014000035822, 30234.29150006268, 30244.575100019574, 30254.96120005846, 30265.235700062476, 30275.49320005346, 30285.76180001255, 30296.010600053705, 30306.27890001051, 30316.658600000665, 30326.974699972197, 30337.2389000142, 30348.028999986127, 30358.335600001737, 30368.630600045435, 30379.99809999019, 30390.349099994637, 30400.606799987145, 30411.175400018692, 30421.505499980412, 30432.090500020422, 30442.720500053838, 30453.34200002253, 30463.999400031753, 30474.296399974264, 30484.581500058994, 30494.825500063598, 30505.07249997463, 30515.36199997645, 30525.704300031066, 30535.928299999796, 30546.37780005578, 30556.76329997368, 30567.07260000985, 30577.804900007322, 30588.22360006161, 30598.768900032155, 30609.628800069913, 30620.22360006813, 30630.609399988316, 30640.913099981844, 30651.18180005811, 30661.734399967827, 30672.098300070502, 30682.517200009897, 30693.56050004717, 30703.856299980544, 30714.117099996656, 30724.449299974367, 30727.297800011]","Extended template","14","13553.372700233012","16","yes","1024","[0, -0.5, -0.5, -0.5, -0.5, -0.5, -0.5, -0.5, -0.5, -0.5, -0.5, -0.5, -0.5, -0.5, -0.5, -0.5, -0.5, -0.5, -0.5, -0.5, -0.5, -0.5, -0.5, -0.5, -0.5, -0.5, -0.5, -0.5, -0.5, -0.5, -0.5, -0.5, -0.5, -0.5, -0.5, -0.5, -0.5, -0.5, -0.5, -0.5, 4.5, 15.5, 55.5, 67.5, 83.5, 100.5, 111.5, 128.5, 138.5, 150.5, 171.5, 183.5, 191.5, 208.5, 222.5, 236.5, 243.5, 250.5, 259.5, 270.5, 280.5, 287.5, 301.5, 312.5, 323.5, 339.5, 352.5, 359.5, 365.5, 371.5, 374.5, 373.5, 372.5, 372.5]","[700, 699.5, 699.5, 699.5, 699.5, 699.5, 699.5, 699.5, 699.5, 699.5, 699.5, 699.5, 699.5, 699.5, 699.5, 699.5, 699.5, 699.5, 699.5, 699.5, 699.5, 699.5, 699.5, 699.5, 699.5, 699.5, 699.5, 699.5, 699.5, 699.5, 699.5, 699.5, 699.5, 699.5, 699.5, 699.5, 699.5, 699.5, 699.5, 699.5, 391.5, 346.5, 320.5, 292.5, 223.5, 166.5, 130.5, 86.5, 56.5, 28.5, 0.5, -16.5, -30.5, -42.5, -48.5, -58.5, -60.5, -67.5, -83.5, -92.5, -95.5, -97.5, -105.5, -112.5, -116.5, -121.5, -128.5, -134.5, -140.5, -150.5, -157.5, -160.5, -161.5, -162.5]"
"88.23529411764706","88.23529411764706","838.2688764797742","838.2688764797742","black","yes","psycho","0","0","uniform","1","left_option","left_option","undefined","undefined","1","0","0","0","0","0","NA","0","16","16","16","0","NA","NA","16","16","Wed Apr 14 14:48:05 2021","A template containing a practice and an experimental phase","yes","genderbias-CecilieLaerkeManon.osexp","C:\Users\Jespe\Downloads\New folder\Gender-Bias-Mousetracking-Experiment","no","mono","no","18","no","white","no","yes","768","0","0","3_n_p_m_stim.jpg","16","16","0","C:/Users/Jespe/Downloads/New folder/Gender-Bias-Mousetracking-Experiment/subject-10.csv","Lentiform Loewenfeld","3.3.8","no","incongruent","nurse","0","left_option","space","NA","space","left_option","NA","697.1981999231502","424.8570998897776","NA","1135.6827999697998","697.1981999231502","NA","3_n_c_f_stim.jpg","2","1024","2","48000","-16","experiment","10","even","7455.426700063981","7455.330200027674","7028.079300071113","5876.084299990907","7454.519600025378","NA","5886.685700039379","32049.800400040112","31346.4823999675","30828.200899995863","NA","NA","NA","31346.271399990655","30824.63619997725","[31348.175800056197, 31358.708000043407, 31369.010400027037, 31379.249799996614, 31389.51220002491, 31399.751899996772, 31410.019000060856, 31420.28289998416, 31430.529200006276, 31440.8800000092, 31451.26490003895, 31461.523800040595, 31471.783000044525, 31482.087000040337, 31492.572200018913, 31502.835200051777, 31513.126000063494, 31523.397300043143, 31533.65630004555, 31543.930600048043, 31554.1671999963, 31564.41990006715, 31574.681199970655, 31584.942699992098, 31595.24000005331, 31605.49990006257, 31615.77649996616, 31626.047900062986, 31636.302400031127, 31646.570899989456, 31656.886500073597, 31667.115499963984, 31677.72330006119, 31688.077399972826, 31698.456400074065, 31708.827599999495, 31719.142899964936, 31729.43700000178, 31739.80650003068, 31750.16820000019, 31760.387300048023, 31770.643700030632, 31781.048099976033, 31795.08910002187, 31806.030399980955, 31816.30030006636, 31827.256600023247, 31838.01319997292, 31848.271199967712, 31858.612000010908, 31869.0942999674, 31879.35419997666, 31889.80140001513, 31900.034000049345, 31910.256600007415, 31920.494199963287, 31930.836800020188, 31941.24760001432, 31951.510000042617, 31961.750100017525, 31972.00629999861, 31982.2924999753, 31992.649900028482, 32002.923500025645, 32013.22069996968, 32023.489800048992, 32033.727600006387, 32044.061799999326, 32045.373999979347]","Extended template","15","14250.570900156163","17","yes","1024","[0, -0.5, -0.5, -0.5, -0.5, -0.5, -0.5, -0.5, -0.5, -0.5, -0.5, -0.5, -0.5, -0.5, -0.5, -0.5, -0.5, -0.5, -0.5, -0.5, -0.5, -0.5, -0.5, -0.5, -0.5, -0.5, -0.5, -0.5, -0.5, -0.5, -0.5, -0.5, -0.5, -0.5, -0.5, -0.5, -0.5, -0.5, -0.5, -58.5, -70.5, -99.5, -117.5, -132.5, -142.5, -154.5, -171.5, -188.5, -204.5, -219.5, -221.5, -231.5, -235.5, -237.5, -239.5, -239.5, -239.5, -236.5, -236.5, -236.5, -236.5, -236.5, -236.5, -236.5, -236.5, -236.5, -236.5, -236.5, -236.5]","[700, 699.5, 699.5, 699.5, 699.5, 699.5, 699.5, 699.5, 699.5, 699.5, 699.5, 699.5, 699.5, 699.5, 699.5, 699.5, 699.5, 699.5, 699.5, 699.5, 699.5, 699.5, 699.5, 699.5, 699.5, 699.5, 699.5, 699.5, 699.5, 699.5, 699.5, 699.5, 699.5, 699.5, 699.5, 699.5, 699.5, 699.5, 699.5, 385.5, 362.5, 318.5, 293.5, 240.5, 201.5, 148.5, 105.5, 73.5, 38.5, 2.5, -30.5, -59.5, -103.5, -133.5, -153.5, -172.5, -186.5, -201.5, -209.5, -213.5, -216.5, -216.5, -216.5, -217.5, -217.5, -217.5, -217.5, -217.5, -217.5]"
